Geography,Category,Data Type,Unit,Current Constant,2015,2016,2017,2018,2019,2020,2021,2022,2023
World,Obese Population (BMI 30kg/sq m or More),Socio-economic indicators,% of population aged 18+,-,12.7,13.1,13.4,13.8,14.1,14.5,14.7,15,15.3
World,Male Obese population (BMI 30kg/sq m or More),Socio-economic indicators,% of male population aged 18+,-,10.6,11,11.3,11.7,12,12.3,12.5,12.9,13.1
World,Female Obese population (BMI 30kg/sq m or More),Socio-economic indicators,% of female population aged 18+,-,14.8,15.2,15.6,15.9,16.3,16.7,17,17.3,17.6
Afghanistan,Obese Population (BMI 30kg/sq m or More),Socio-economic indicators,% of population aged 18+,-,4.3,4.4,4.6,4.8,5,5.1,5.3,5.5,5.7
Afghanistan,Male Obese population (BMI 30kg/sq m or More),Socio-economic indicators,% of male population aged 18+,-,2.6,2.7,2.8,2.9,3.1,3.2,3.3,3.4,3.5
Afghanistan,Female Obese population (BMI 30kg/sq m or More),Socio-economic indicators,% of female population aged 18+,-,6,6.2,6.4,6.7,6.9,7.1,7.4,7.6,7.8
Armenia,Obese Population (BMI 30kg/sq m or More),Socio-economic indicators,% of population aged 18+,-,20.5,21.2,21.7,22.2,22.7,23.1,23.5,23.9,24.2
Armenia,Male Obese population (BMI 30kg/sq m or More),Socio-economic indicators,% of male population aged 18+,-,16.6,17.2,17.7,18.1,18.6,19,19.4,19.7,20
Armenia,Female Obese population (BMI 30kg/sq m or More),Socio-economic indicators,% of female population aged 18+,-,23.8,24.5,25,25.5,26,26.5,26.9,27.2,27.6
Azerbaijan,Obese Population (BMI 30kg/sq m or More),Socio-economic indicators,% of population aged 18+,-,19,19.8,20.5,21.1,21.8,22.4,22.9,23.5,24
Azerbaijan,Male Obese population (BMI 30kg/sq m or More),Socio-economic indicators,% of male population aged 18+,-,15,15.7,16.3,16.8,17.4,17.9,18.4,18.8,19.3
Azerbaijan,Female Obese population (BMI 30kg/sq m or More),Socio-economic indicators,% of female population aged 18+,-,23,23.9,24.6,25.4,26.1,26.8,27.4,28.1,28.7
Bangladesh,Obese Population (BMI 30kg/sq m or More),Socio-economic indicators,% of population aged 18+,-,3.2,3.4,3.6,3.8,4,4.2,4.4,4.6,4.8
Bangladesh,Male Obese population (BMI 30kg/sq m or More),Socio-economic indicators,% of male population aged 18+,-,2,2.2,2.3,2.5,2.6,2.8,2.9,3.1,3.2
Bangladesh,Female Obese population (BMI 30kg/sq m or More),Socio-economic indicators,% of female population aged 18+,-,4.3,4.6,4.9,5.1,5.4,5.7,5.9,6.2,6.4
Bhutan,Obese Population (BMI 30kg/sq m or More),Socio-economic indicators,% of population aged 18+,-,5.5,5.9,6.2,6.4,6.7,7,7.3,7.5,7.8
Bhutan,Male Obese population (BMI 30kg/sq m or More),Socio-economic indicators,% of male population aged 18+,-,4.2,4.5,4.8,5,5.3,5.5,5.7,6,6.2
Bhutan,Female Obese population (BMI 30kg/sq m or More),Socio-economic indicators,% of female population aged 18+,-,7,7.4,7.7,8.1,8.4,8.7,9,9.3,9.6
Brunei Darussalam,Obese Population (BMI 30kg/sq m or More),Socio-economic indicators,% of population aged 18+,-,14,14.6,15.1,15.6,16.1,16.5,16.9,17.2,17.6
Brunei Darussalam,Male Obese population (BMI 30kg/sq m or More),Socio-economic indicators,% of male population aged 18+,-,12.4,13,13.5,14,14.4,14.9,15.2,15.6,15.9
Brunei Darussalam,Female Obese population (BMI 30kg/sq m or More),Socio-economic indicators,% of female population aged 18+,-,15.8,16.4,16.9,17.4,17.8,18.3,18.6,19,19.3
Cambodia,Obese Population (BMI 30kg/sq m or More),Socio-economic indicators,% of population aged 18+,-,3.3,3.5,3.7,3.9,4.1,4.4,4.6,4.8,5
Cambodia,Male Obese population (BMI 30kg/sq m or More),Socio-economic indicators,% of male population aged 18+,-,2.3,2.5,2.7,2.8,3,3.2,3.3,3.5,3.7
Cambodia,Female Obese population (BMI 30kg/sq m or More),Socio-economic indicators,% of female population aged 18+,-,4.2,4.5,4.7,5,5.3,5.5,5.8,6.1,6.3
China,Obese Population (BMI 30kg/sq m or More),Socio-economic indicators,% of population aged 18+,-,6.2,6.6,7,7.4,7.7,8.1,8.4,8.8,9.1
China,Male Obese population (BMI 30kg/sq m or More),Socio-economic indicators,% of male population aged 18+,-,5.8,6.2,6.6,7,7.3,7.7,8.1,8.4,8.8
China,Female Obese population (BMI 30kg/sq m or More),Socio-economic indicators,% of female population aged 18+,-,6.7,7.1,7.4,7.8,8.1,8.5,8.8,9.1,9.5
Fiji,Obese Population (BMI 30kg/sq m or More),Socio-economic indicators,% of population aged 18+,-,29.3,30.1,30.6,31.2,31.7,32.2,32.7,33.1,33.4
Fiji,Male Obese population (BMI 30kg/sq m or More),Socio-economic indicators,% of male population aged 18+,-,24.1,24.9,25.5,26.1,26.7,27.2,27.6,28,28.3
Fiji,Female Obese population (BMI 30kg/sq m or More),Socio-economic indicators,% of female population aged 18+,-,34.6,35.3,35.8,36.4,36.9,37.3,37.7,38.1,38.5
India,Obese Population (BMI 30kg/sq m or More),Socio-economic indicators,% of population aged 18+,-,3.6,3.8,3.9,4.1,4.3,4.5,4.7,4.8,5
India,Male Obese population (BMI 30kg/sq m or More),Socio-economic indicators,% of male population aged 18+,-,2.5,2.7,2.8,3,3.1,3.3,3.4,3.6,3.7
India,Female Obese population (BMI 30kg/sq m or More),Socio-economic indicators,% of female population aged 18+,-,4.7,4.9,5.1,5.3,5.6,5.8,6,6.2,6.4
Indonesia,Obese Population (BMI 30kg/sq m or More),Socio-economic indicators,% of population aged 18+,-,6.5,6.9,7.3,7.7,8.1,8.4,8.8,9.2,9.5
Indonesia,Male Obese population (BMI 30kg/sq m or More),Socio-economic indicators,% of male population aged 18+,-,4.6,4.9,5.2,5.5,5.8,6.1,6.4,6.7,7
Indonesia,Female Obese population (BMI 30kg/sq m or More),Socio-economic indicators,% of female population aged 18+,-,8.5,9,9.4,9.9,10.3,10.8,11.2,11.6,12.1
Japan,Obese Population (BMI 30kg/sq m or More),Socio-economic indicators,% of population aged 18+,-,4.2,4.3,4.5,4.6,4.7,4.7,4.8,4.9,5
Japan,Male Obese population (BMI 30kg/sq m or More),Socio-economic indicators,% of male population aged 18+,-,4.4,4.6,4.8,4.9,5,5.1,5.2,5.3,5.4
Japan,Female Obese population (BMI 30kg/sq m or More),Socio-economic indicators,% of female population aged 18+,-,4.1,4.1,4.2,4.2,4.3,4.4,4.4,4.5,4.5
Kazakhstan,Obese Population (BMI 30kg/sq m or More),Socio-economic indicators,% of population aged 18+,-,20.5,21.2,21.7,22.3,22.8,23.3,23.7,24.1,24.5
Kazakhstan,Male Obese population (BMI 30kg/sq m or More),Socio-economic indicators,% of male population aged 18+,-,18.2,18.8,19.3,19.8,20.3,20.7,21.1,21.5,21.9
Kazakhstan,Female Obese population (BMI 30kg/sq m or More),Socio-economic indicators,% of female population aged 18+,-,22.7,23.4,24,24.6,25.1,25.6,26.1,26.6,27
Kiribati,Obese Population (BMI 30kg/sq m or More),Socio-economic indicators,% of population aged 18+,-,45.1,45.7,46.3,46.8,47.2,47.7,48.1,48.4,48.8
Kiribati,Male Obese population (BMI 30kg/sq m or More),Socio-economic indicators,% of male population aged 18+,-,40.5,41.2,41.8,42.3,42.8,43.2,43.6,43.9,44.2
Kiribati,Female Obese population (BMI 30kg/sq m or More),Socio-economic indicators,% of female population aged 18+,-,49.4,50,50.5,51,51.4,51.9,52.3,52.7,53.1
Kyrgyzstan,Obese Population (BMI 30kg/sq m or More),Socio-economic indicators,% of population aged 18+,-,14.7,15.3,15.9,16.4,16.9,17.4,17.9,18.3,18.7
Kyrgyzstan,Male Obese population (BMI 30kg/sq m or More),Socio-economic indicators,% of male population aged 18+,-,12.5,13.1,13.6,14.1,14.5,15,15.4,15.8,16.1
Kyrgyzstan,Female Obese population (BMI 30kg/sq m or More),Socio-economic indicators,% of female population aged 18+,-,16.8,17.5,18.1,18.7,19.3,19.8,20.3,20.8,21.3
Laos,Obese Population (BMI 30kg/sq m or More),Socio-economic indicators,% of population aged 18+,-,4.2,4.4,4.7,4.9,5.2,5.4,5.7,5.9,6.1
Laos,Male Obese population (BMI 30kg/sq m or More),Socio-economic indicators,% of male population aged 18+,-,3,3.2,3.4,3.6,3.8,4.1,4.5,4.7,5
Laos,Female Obese population (BMI 30kg/sq m or More),Socio-economic indicators,% of female population aged 18+,-,5.4,5.7,6,6.3,6.6,6.7,6.9,7.1,7.3
Malaysia,Obese Population (BMI 30kg/sq m or More),Socio-economic indicators,% of population aged 18+,-,14.5,15.2,15.8,16.4,17,17.6,18.1,18.7,19.3
Malaysia,Male Obese population (BMI 30kg/sq m or More),Socio-economic indicators,% of male population aged 18+,-,12.2,12.9,13.5,14.1,14.7,15.3,15.9,16.4,16.9
Malaysia,Female Obese population (BMI 30kg/sq m or More),Socio-economic indicators,% of female population aged 18+,-,17,17.6,18.3,18.9,19.5,20.1,20.6,21.2,21.8
Maldives,Obese Population (BMI 30kg/sq m or More),Socio-economic indicators,% of population aged 18+,-,6.9,7.5,7.9,8.4,8.8,9.2,9.6,10,10.4
Maldives,Male Obese population (BMI 30kg/sq m or More),Socio-economic indicators,% of male population aged 18+,-,4.9,5.4,5.8,6.2,6.6,7,7.3,7.7,8
Maldives,Female Obese population (BMI 30kg/sq m or More),Socio-economic indicators,% of female population aged 18+,-,9.7,10.3,10.8,11.3,11.8,12.3,12.7,13.1,13.5
Mongolia,Obese Population (BMI 30kg/sq m or More),Socio-economic indicators,% of population aged 18+,-,18.7,19.6,20.2,20.6,20.9,21,21,21,21.1
Mongolia,Male Obese population (BMI 30kg/sq m or More),Socio-economic indicators,% of male population aged 18+,-,15.9,16.7,17.3,17.7,18,18.1,18.2,18.3,18.4
Mongolia,Female Obese population (BMI 30kg/sq m or More),Socio-economic indicators,% of female population aged 18+,-,21.5,22.4,23,23.5,23.7,23.7,23.7,23.7,23.7
Myanmar,Obese Population (BMI 30kg/sq m or More),Socio-economic indicators,% of population aged 18+,-,5.3,5.7,5.9,6.1,6.3,6.6,6.8,7.1,7.4
Myanmar,Male Obese population (BMI 30kg/sq m or More),Socio-economic indicators,% of male population aged 18+,-,3.7,4,4.2,4.4,4.5,4.7,4.9,5.1,5.3
Myanmar,Female Obese population (BMI 30kg/sq m or More),Socio-economic indicators,% of female population aged 18+,-,6.8,7.3,7.5,7.8,8.1,8.4,8.7,9,9.4
Nauru,Obese Population (BMI 30kg/sq m or More),Socio-economic indicators,% of population aged 18+,-,60.4,60.7,61,61.3,61.5,61.7,61.9,62.1,62.3
Nauru,Male Obese population (BMI 30kg/sq m or More),Socio-economic indicators,% of male population aged 18+,-,58,58.5,58.9,59.2,59.6,59.9,60.2,60.4,60.7
Nauru,Female Obese population (BMI 30kg/sq m or More),Socio-economic indicators,% of female population aged 18+,-,62.8,63,63.2,63.4,63.5,63.6,63.8,63.9,63.9
Nepal,Obese Population (BMI 30kg/sq m or More),Socio-economic indicators,% of population aged 18+,-,3.6,3.7,3.9,4,4.2,4.4,4.5,4.7,4.9
Nepal,Male Obese population (BMI 30kg/sq m or More),Socio-economic indicators,% of male population aged 18+,-,2.4,2.5,2.6,2.7,2.8,2.9,3,3.1,3.2
Nepal,Female Obese population (BMI 30kg/sq m or More),Socio-economic indicators,% of female population aged 18+,-,4.6,4.8,5,5.2,5.5,5.7,5.9,6.1,6.4
North Korea,Obese Population (BMI 30kg/sq m or More),Socio-economic indicators,% of population aged 18+,-,6.8,7.1,7.3,7.5,7.7,7.8,8,8.1,8.2
North Korea,Male Obese population (BMI 30kg/sq m or More),Socio-economic indicators,% of male population aged 18+,-,6.1,6.4,6.6,6.8,7,7.2,7.3,7.4,7.5
North Korea,Female Obese population (BMI 30kg/sq m or More),Socio-economic indicators,% of female population aged 18+,-,7.5,7.8,8,8.2,8.3,8.5,8.6,8.7,8.8
Pakistan,Obese Population (BMI 30kg/sq m or More),Socio-economic indicators,% of population aged 18+,-,7.4,7.8,8.1,8.4,8.7,9,9.3,9.5,9.8
Pakistan,Male Obese population (BMI 30kg/sq m or More),Socio-economic indicators,% of male population aged 18+,-,5.2,5.5,5.8,6,6.3,6.5,6.8,7,7.2
Pakistan,Female Obese population (BMI 30kg/sq m or More),Socio-economic indicators,% of female population aged 18+,-,9.7,10.1,10.5,10.8,11.2,11.5,11.8,12.2,12.5
Papua New Guinea,Obese Population (BMI 30kg/sq m or More),Socio-economic indicators,% of population aged 18+,-,18.7,19.3,19.8,20.2,20.7,21.1,21.5,21.8,22.1
Papua New Guinea,Male Obese population (BMI 30kg/sq m or More),Socio-economic indicators,% of male population aged 18+,-,14.7,15.2,15.6,16.1,16.5,16.8,17.2,17.5,17.8
Papua New Guinea,Female Obese population (BMI 30kg/sq m or More),Socio-economic indicators,% of female population aged 18+,-,23,23.7,24.2,24.7,25.2,25.7,26.1,26.4,26.7
Philippines,Obese Population (BMI 30kg/sq m or More),Socio-economic indicators,% of population aged 18+,-,5.7,6,6.2,6.5,6.7,7,7.2,7.5,7.7
Philippines,Male Obese population (BMI 30kg/sq m or More),Socio-economic indicators,% of male population aged 18+,-,4.7,5,5.2,5.5,5.7,5.9,6.2,6.4,6.6
Philippines,Female Obese population (BMI 30kg/sq m or More),Socio-economic indicators,% of female population aged 18+,-,6.7,7,7.3,7.5,7.8,8.1,8.3,8.6,8.8
Samoa,Obese Population (BMI 30kg/sq m or More),Socio-economic indicators,% of population aged 18+,-,44.9,45.5,46.1,46.5,47,47.4,47.8,48.1,48.4
Samoa,Male Obese population (BMI 30kg/sq m or More),Socio-economic indicators,% of male population aged 18+,-,37.5,38.2,38.8,39.3,39.8,40.2,40.6,41,41.3
Samoa,Female Obese population (BMI 30kg/sq m or More),Socio-economic indicators,% of female population aged 18+,-,52.6,53.2,53.7,54.1,54.5,54.9,55.2,55.6,55.9
Singapore,Obese Population (BMI 30kg/sq m or More),Socio-economic indicators,% of population aged 18+,-,6.5,6.6,6.8,6.9,7.1,7.2,7.4,7.5,7.7
Singapore,Male Obese population (BMI 30kg/sq m or More),Socio-economic indicators,% of male population aged 18+,-,6,6.2,6.4,6.6,6.7,6.9,7.1,7.3,7.5
Singapore,Female Obese population (BMI 30kg/sq m or More),Socio-economic indicators,% of female population aged 18+,-,6.9,7,7.1,7.2,7.4,7.5,7.7,7.8,7.9
Solomon Islands,Obese Population (BMI 30kg/sq m or More),Socio-economic indicators,% of population aged 18+,-,19.8,20.4,21,21.5,22,22.4,22.9,23.3,23.6
Solomon Islands,Male Obese population (BMI 30kg/sq m or More),Socio-economic indicators,% of male population aged 18+,-,15.7,16.3,16.8,17.3,17.7,18.2,18.5,18.9,19.2
Solomon Islands,Female Obese population (BMI 30kg/sq m or More),Socio-economic indicators,% of female population aged 18+,-,24,24.7,25.3,25.9,26.4,26.9,27.4,27.8,28.2
South Korea,Obese Population (BMI 30kg/sq m or More),Socio-economic indicators,% of population aged 18+,-,4.8,4.9,5.1,5.3,5.4,5.6,5.8,6,6.1
South Korea,Male Obese population (BMI 30kg/sq m or More),Socio-economic indicators,% of male population aged 18+,-,4.4,4.6,4.8,4.9,5.1,5.3,5.5,5.7,5.9
South Korea,Female Obese population (BMI 30kg/sq m or More),Socio-economic indicators,% of female population aged 18+,-,5.2,5.3,5.4,5.6,5.8,5.9,6.1,6.2,6.4
Sri Lanka,Obese Population (BMI 30kg/sq m or More),Socio-economic indicators,% of population aged 18+,-,5.1,5.4,5.7,6,6.3,6.6,6.8,7.1,7.4
Sri Lanka,Male Obese population (BMI 30kg/sq m or More),Socio-economic indicators,% of male population aged 18+,-,2.8,3,3.2,3.4,3.6,3.7,3.9,4.1,4.3
Sri Lanka,Female Obese population (BMI 30kg/sq m or More),Socio-economic indicators,% of female population aged 18+,-,7.3,7.7,8.1,8.4,8.8,9.2,9.5,9.9,10.3
Tajikistan,Obese Population (BMI 30kg/sq m or More),Socio-economic indicators,% of population aged 18+,-,11.9,12.5,13,13.4,13.9,14.3,14.7,15,15.4
Tajikistan,Male Obese population (BMI 30kg/sq m or More),Socio-economic indicators,% of male population aged 18+,-,9.9,10.4,10.8,11.2,11.6,12,12.3,12.6,12.9
Tajikistan,Female Obese population (BMI 30kg/sq m or More),Socio-economic indicators,% of female population aged 18+,-,14,14.6,15.1,15.7,16.1,16.6,17.1,17.5,17.9
Thailand,Obese Population (BMI 30kg/sq m or More),Socio-economic indicators,% of population aged 18+,-,10.1,10.7,11.3,11.9,12.4,13,13.5,14,14.5
Thailand,Male Obese population (BMI 30kg/sq m or More),Socio-economic indicators,% of male population aged 18+,-,6.9,7.5,8,8.5,9,9.4,9.9,10.3,10.8
Thailand,Female Obese population (BMI 30kg/sq m or More),Socio-economic indicators,% of female population aged 18+,-,13.1,13.8,14.4,15.1,15.7,16.3,16.9,17.5,18.1
Tonga,Obese Population (BMI 30kg/sq m or More),Socio-economic indicators,% of population aged 18+,-,45.2,45.8,46.4,46.9,47.4,47.8,48.2,48.6,48.9
Tonga,Male Obese population (BMI 30kg/sq m or More),Socio-economic indicators,% of male population aged 18+,-,38.3,39,39.6,40.2,40.7,41.2,41.6,41.9,42.2
Tonga,Female Obese population (BMI 30kg/sq m or More),Socio-economic indicators,% of female population aged 18+,-,52,52.6,53.1,53.5,54,54.4,54.7,55.1,55.5
Turkmenistan,Obese Population (BMI 30kg/sq m or More),Socio-economic indicators,% of population aged 18+,-,16.7,17.5,18.1,18.6,19.2,19.8,20.3,20.7,21.2
Turkmenistan,Male Obese population (BMI 30kg/sq m or More),Socio-economic indicators,% of male population aged 18+,-,14.3,15,15.5,16.1,16.6,17.1,17.6,18,18.4
Turkmenistan,Female Obese population (BMI 30kg/sq m or More),Socio-economic indicators,% of female population aged 18+,-,19.1,19.9,20.5,21.2,21.8,22.4,22.9,23.4,23.9
Tuvalu,Obese Population (BMI 30kg/sq m or More),Socio-economic indicators,% of population aged 18+,-,50.1,50.8,51.5,52.2,52.8,53.3,53.8,54.3,54.7
Tuvalu,Male Obese population (BMI 30kg/sq m or More),Socio-economic indicators,% of male population aged 18+,-,45.5,46.4,47.2,47.9,48.7,49.4,50.1,50.7,51.3
Tuvalu,Female Obese population (BMI 30kg/sq m or More),Socio-economic indicators,% of female population aged 18+,-,55,55.6,56.2,56.7,57.1,57.5,57.8,58.1,58.4
Uzbekistan,Obese Population (BMI 30kg/sq m or More),Socio-economic indicators,% of population aged 18+,-,14.6,15.3,15.8,16.4,16.9,17.4,17.9,18.4,18.8
Uzbekistan,Male Obese population (BMI 30kg/sq m or More),Socio-economic indicators,% of male population aged 18+,-,12.3,12.9,13.4,13.9,14.4,14.9,15.3,15.7,16.1
Uzbekistan,Female Obese population (BMI 30kg/sq m or More),Socio-economic indicators,% of female population aged 18+,-,17,17.7,18.3,18.9,19.5,20,20.6,21.1,21.6
Vanuatu,Obese Population (BMI 30kg/sq m or More),Socio-economic indicators,% of population aged 18+,-,22.7,23.4,24,24.6,25.1,25.6,26,26.4,26.8
Vanuatu,Male Obese population (BMI 30kg/sq m or More),Socio-economic indicators,% of male population aged 18+,-,18.2,18.8,19.3,19.8,20.3,20.8,21.2,21.5,21.8
Vanuatu,Female Obese population (BMI 30kg/sq m or More),Socio-economic indicators,% of female population aged 18+,-,27.3,28.1,28.7,29.4,29.9,30.5,31,31.4,31.8
Vietnam,Obese Population (BMI 30kg/sq m or More),Socio-economic indicators,% of population aged 18+,-,2,2.1,2.3,2.4,2.6,2.7,2.9,3,3.2
Vietnam,Male Obese population (BMI 30kg/sq m or More),Socio-economic indicators,% of male population aged 18+,-,1.5,1.6,1.7,1.8,2,2.1,2.2,2.3,2.5
Vietnam,Female Obese population (BMI 30kg/sq m or More),Socio-economic indicators,% of female population aged 18+,-,2.4,2.6,2.8,3,3.1,3.3,3.5,3.7,3.9
Australia,Obese Population (BMI 30kg/sq m or More),Socio-economic indicators,% of population aged 18+,-,29.7,30.4,30.6,30.8,30.9,31.2,31.4,31.6,31.8
Australia,Male Obese population (BMI 30kg/sq m or More),Socio-economic indicators,% of male population aged 18+,-,30,30.7,31,31.1,31.2,31.5,31.8,32,32.3
Australia,Female Obese population (BMI 30kg/sq m or More),Socio-economic indicators,% of female population aged 18+,-,29.5,30.1,30.3,30.5,30.5,30.8,31,31.2,31.4
New Zealand,Obese Population (BMI 30kg/sq m or More),Socio-economic indicators,% of population aged 18+,-,31.4,32,32.5,33.1,33.7,34.2,34.7,35.2,35.6
New Zealand,Male Obese population (BMI 30kg/sq m or More),Socio-economic indicators,% of male population aged 18+,-,30.4,31,31.6,32.2,32.7,33.3,33.9,34.4,34.9
New Zealand,Female Obese population (BMI 30kg/sq m or More),Socio-economic indicators,% of female population aged 18+,-,32.3,32.9,33.5,34.1,34.6,35.1,35.6,36,36.4
Albania,Obese Population (BMI 30kg/sq m or More),Socio-economic indicators,% of population aged 18+,-,21.6,22.3,22.9,23.4,23.9,24.3,24.7,25.1,25.5
Albania,Male Obese population (BMI 30kg/sq m or More),Socio-economic indicators,% of male population aged 18+,-,21.1,21.9,22.5,23.1,23.6,24.2,24.7,25.1,25.6
Albania,Female Obese population (BMI 30kg/sq m or More),Socio-economic indicators,% of female population aged 18+,-,22.2,22.8,23.2,23.7,24.1,24.5,24.8,25.1,25.4
Belarus,Obese Population (BMI 30kg/sq m or More),Socio-economic indicators,% of population aged 18+,-,26,26.5,27,27.4,27.9,28.3,28.7,29.1,29.4
Belarus,Male Obese population (BMI 30kg/sq m or More),Socio-economic indicators,% of male population aged 18+,-,22.8,23.5,24,24.6,25.1,25.6,26.1,26.5,26.9
Belarus,Female Obese population (BMI 30kg/sq m or More),Socio-economic indicators,% of female population aged 18+,-,28.7,29.1,29.5,29.8,30.2,30.6,30.9,31.3,31.6
Bosnia and Herzegovina,Obese Population (BMI 30kg/sq m or More),Socio-economic indicators,% of population aged 18+,-,18.9,19.4,19.7,20,20.3,20.6,20.8,21,21.2
Bosnia and Herzegovina,Male Obese population (BMI 30kg/sq m or More),Socio-economic indicators,% of male population aged 18+,-,17.6,18.1,18.5,18.8,19.1,19.4,19.7,19.9,20.1
Bosnia and Herzegovina,Female Obese population (BMI 30kg/sq m or More),Socio-economic indicators,% of female population aged 18+,-,20.2,20.6,20.9,21.2,21.4,21.7,21.9,22,22.2
Bulgaria,Obese Population (BMI 30kg/sq m or More),Socio-economic indicators,% of population aged 18+,-,26.9,27.4,27.9,28.4,28.9,29.3,29.7,30.1,30.4
Bulgaria,Male Obese population (BMI 30kg/sq m or More),Socio-economic indicators,% of male population aged 18+,-,26.8,27.5,28.1,28.7,29.3,29.8,30.3,30.8,31.2
Bulgaria,Female Obese population (BMI 30kg/sq m or More),Socio-economic indicators,% of female population aged 18+,-,27,27.4,27.8,28.1,28.5,28.8,29.1,29.5,29.8
Croatia,Obese Population (BMI 30kg/sq m or More),Socio-economic indicators,% of population aged 18+,-,26.5,27.1,27.6,28.1,28.5,29,29.3,29.7,30
Croatia,Male Obese population (BMI 30kg/sq m or More),Socio-economic indicators,% of male population aged 18+,-,25.3,26,26.5,27.1,27.6,28.1,28.5,28.9,29.3
Croatia,Female Obese population (BMI 30kg/sq m or More),Socio-economic indicators,% of female population aged 18+,-,27.7,28.2,28.6,29,29.4,29.8,30.1,30.4,30.8
Czech Republic,Obese Population (BMI 30kg/sq m or More),Socio-economic indicators,% of population aged 18+,-,28.1,28.6,28.9,29.3,29.7,30,30.3,30.5,30.8
Czech Republic,Male Obese population (BMI 30kg/sq m or More),Socio-economic indicators,% of male population aged 18+,-,27.9,28.5,29,29.4,29.8,30.2,30.5,30.8,31.3
Czech Republic,Female Obese population (BMI 30kg/sq m or More),Socio-economic indicators,% of female population aged 18+,-,28.2,28.6,28.9,29.2,29.5,29.8,30,30.3,30.3
Estonia,Obese Population (BMI 30kg/sq m or More),Socio-economic indicators,% of population aged 18+,-,23.3,23.7,23.6,23.6,24.4,25.3,25.6,25.9,26.4
Estonia,Male Obese population (BMI 30kg/sq m or More),Socio-economic indicators,% of male population aged 18+,-,21.3,21.9,22,22,22.8,23.7,24,24.3,24.9
Estonia,Female Obese population (BMI 30kg/sq m or More),Socio-economic indicators,% of female population aged 18+,-,25.1,25.3,25.1,25,25.9,26.8,27.1,27.4,27.7
Georgia,Obese Population (BMI 30kg/sq m or More),Socio-economic indicators,% of population aged 18+,-,22.3,23.1,23.8,24.4,25,25.6,26.2,26.7,27.2
Georgia,Male Obese population (BMI 30kg/sq m or More),Socio-economic indicators,% of male population aged 18+,-,19.2,20,20.6,21.2,21.8,22.3,22.9,23.5,23.9
Georgia,Female Obese population (BMI 30kg/sq m or More),Socio-economic indicators,% of female population aged 18+,-,25.2,26,26.7,27.4,28.1,28.7,29.3,29.7,30.2
Hungary,Obese Population (BMI 30kg/sq m or More),Socio-economic indicators,% of population aged 18+,-,28.1,28.6,29.1,29.6,30,30.4,30.8,31.1,31.4
Hungary,Male Obese population (BMI 30kg/sq m or More),Socio-economic indicators,% of male population aged 18+,-,29.2,29.9,30.5,31,31.5,31.9,32.4,32.8,33.1
Hungary,Female Obese population (BMI 30kg/sq m or More),Socio-economic indicators,% of female population aged 18+,-,27.1,27.5,27.9,28.3,28.6,29,29.3,29.6,29.9
Latvia,Obese Population (BMI 30kg/sq m or More),Socio-economic indicators,% of population aged 18+,-,25.2,25.7,26,26.3,26.5,26.8,27,27.2,27.4
Latvia,Male Obese population (BMI 30kg/sq m or More),Socio-economic indicators,% of male population aged 18+,-,22.3,22.9,23.3,23.7,24,24.3,24.6,24.8,25
Latvia,Female Obese population (BMI 30kg/sq m or More),Socio-economic indicators,% of female population aged 18+,-,27.7,28,28.2,28.4,28.7,28.9,29.1,29.3,29.4
Lithuania,Obese Population (BMI 30kg/sq m or More),Socio-economic indicators,% of population aged 18+,-,27.8,28.3,28.7,29.1,29.5,29.8,30.1,30.5,30.7
Lithuania,Male Obese population (BMI 30kg/sq m or More),Socio-economic indicators,% of male population aged 18+,-,24.7,25.3,25.7,26.1,26.5,26.9,27.2,27.4,27.6
Lithuania,Female Obese population (BMI 30kg/sq m or More),Socio-economic indicators,% of female population aged 18+,-,30.5,30.9,31.2,31.6,32,32.4,32.7,33.1,33.5
Moldova,Obese Population (BMI 30kg/sq m or More),Socio-economic indicators,% of population aged 18+,-,19.6,20.1,20.5,20.9,21.3,21.6,21.9,22.2,22.5
Moldova,Male Obese population (BMI 30kg/sq m or More),Socio-economic indicators,% of male population aged 18+,-,16.3,16.9,17.3,17.8,18.2,18.5,18.9,19.1,19.4
Moldova,Female Obese population (BMI 30kg/sq m or More),Socio-economic indicators,% of female population aged 18+,-,22.5,23,23.4,23.7,24.1,24.4,24.7,25,25.4
Montenegro,Obese Population (BMI 30kg/sq m or More),Socio-economic indicators,% of population aged 18+,-,24.4,24.9,25.2,25.6,25.9,26.3,26.6,26.8,27.1
Montenegro,Male Obese population (BMI 30kg/sq m or More),Socio-economic indicators,% of male population aged 18+,-,23.9,24.5,25,25.4,25.8,26.2,26.6,26.9,27.3
Montenegro,Female Obese population (BMI 30kg/sq m or More),Socio-economic indicators,% of female population aged 18+,-,24.9,25.2,25.5,25.8,26.1,26.3,26.5,26.7,26.9
North Macedonia,Obese Population (BMI 30kg/sq m or More),Socio-economic indicators,% of population aged 18+,-,23.4,23.9,24.2,24.6,25,25.4,25.7,26,26.2
North Macedonia,Male Obese population (BMI 30kg/sq m or More),Socio-economic indicators,% of male population aged 18+,-,23.2,23.8,24.3,24.7,25.2,25.6,26,26.3,26.7
North Macedonia,Female Obese population (BMI 30kg/sq m or More),Socio-economic indicators,% of female population aged 18+,-,23.5,23.9,24.2,24.5,24.8,25.1,25.4,25.6,25.8
Poland,Obese Population (BMI 30kg/sq m or More),Socio-economic indicators,% of population aged 18+,-,25,25.6,26,26.5,26.9,27.3,27.7,28,28.3
Poland,Male Obese population (BMI 30kg/sq m or More),Socio-economic indicators,% of male population aged 18+,-,24.7,25.4,25.9,26.5,27,27.5,27.9,28.3,28.7
Poland,Female Obese population (BMI 30kg/sq m or More),Socio-economic indicators,% of female population aged 18+,-,25.3,25.7,26.1,26.5,26.8,27.1,27.4,27.7,28
Romania,Obese Population (BMI 30kg/sq m or More),Socio-economic indicators,% of population aged 18+,-,23.9,24.5,25.1,25.5,26,26.4,26.8,27.2,27.5
Romania,Male Obese population (BMI 30kg/sq m or More),Socio-economic indicators,% of male population aged 18+,-,24.2,24.9,25.5,26.1,26.6,27.1,27.6,28,28.4
Romania,Female Obese population (BMI 30kg/sq m or More),Socio-economic indicators,% of female population aged 18+,-,23.7,24.2,24.6,25,25.4,25.8,26.1,26.3,26.6
Russia,Obese Population (BMI 30kg/sq m or More),Socio-economic indicators,% of population aged 18+,-,25.1,25.5,25.8,26.1,26.4,26.6,26.8,27,27.2
Russia,Male Obese population (BMI 30kg/sq m or More),Socio-economic indicators,% of male population aged 18+,-,18.8,19.4,19.8,20.2,20.5,20.8,21,21.3,21.5
Russia,Female Obese population (BMI 30kg/sq m or More),Socio-economic indicators,% of female population aged 18+,-,30.5,30.8,31,31.3,31.5,31.6,31.8,32,32.1
Serbia,Obese Population (BMI 30kg/sq m or More),Socio-economic indicators,% of population aged 18+,-,23,23.5,23.9,24.4,24.7,25.1,25.5,25.8,26.1
Serbia,Male Obese population (BMI 30kg/sq m or More),Socio-economic indicators,% of male population aged 18+,-,21.9,22.5,23,23.4,23.9,24.3,24.7,25.1,25.4
Serbia,Female Obese population (BMI 30kg/sq m or More),Socio-economic indicators,% of female population aged 18+,-,24.1,24.5,24.9,25.2,25.6,25.9,26.2,26.5,26.7
Slovakia,Obese Population (BMI 30kg/sq m or More),Socio-economic indicators,% of population aged 18+,-,21.9,22.4,22.8,23.2,23.6,24,24.4,24.7,25
Slovakia,Male Obese population (BMI 30kg/sq m or More),Socio-economic indicators,% of male population aged 18+,-,21.8,22.5,23,23.5,23.9,24.4,24.8,25.1,25.5
Slovakia,Female Obese population (BMI 30kg/sq m or More),Socio-economic indicators,% of female population aged 18+,-,21.9,22.3,22.7,23,23.4,23.7,24,24.3,24.5
Slovenia,Obese Population (BMI 30kg/sq m or More),Socio-economic indicators,% of population aged 18+,-,22,22.5,22.8,22.9,22.9,23.1,23.2,23.3,23.5
Slovenia,Male Obese population (BMI 30kg/sq m or More),Socio-economic indicators,% of male population aged 18+,-,20.8,21.4,21.7,21.9,21.9,22,22.2,22.3,22.5
Slovenia,Female Obese population (BMI 30kg/sq m or More),Socio-economic indicators,% of female population aged 18+,-,23.2,23.6,23.8,23.9,23.9,24.2,24.3,24.3,24.4
Ukraine,Obese Population (BMI 30kg/sq m or More),Socio-economic indicators,% of population aged 18+,-,25.5,26,26.4,26.7,27.1,27.4,27.7,28,28.2
Ukraine,Male Obese population (BMI 30kg/sq m or More),Socio-economic indicators,% of male population aged 18+,-,22.5,23.2,23.7,24.2,24.6,25,25.4,25.7,26.2
Ukraine,Female Obese population (BMI 30kg/sq m or More),Socio-economic indicators,% of female population aged 18+,-,28.1,28.4,28.7,29,29.2,29.5,29.7,29.9,29.9
Antigua and Barbuda,Obese Population (BMI 30kg/sq m or More),Socio-economic indicators,% of population aged 18+,-,18.7,19.3,19.8,20.2,20.7,21.1,21.4,21.8,22.1
Antigua and Barbuda,Male Obese population (BMI 30kg/sq m or More),Socio-economic indicators,% of male population aged 18+,-,11.2,11.7,12,12.4,12.7,13,13.3,13.5,13.8
Antigua and Barbuda,Female Obese population (BMI 30kg/sq m or More),Socio-economic indicators,% of female population aged 18+,-,25.6,26.3,26.9,27.4,27.9,28.4,28.9,29.3,29.7
Argentina,Obese Population (BMI 30kg/sq m or More),Socio-economic indicators,% of population aged 18+,-,28,28.5,29,29.5,30.1,30.5,31,31.4,31.8
Argentina,Male Obese population (BMI 30kg/sq m or More),Socio-economic indicators,% of male population aged 18+,-,26.8,27.4,27.9,28.5,29.1,29.6,30,30.5,30.9
Argentina,Female Obese population (BMI 30kg/sq m or More),Socio-economic indicators,% of female population aged 18+,-,29.1,29.6,30.1,30.6,31,31.5,31.9,32.3,32.7
Bahamas,Obese Population (BMI 30kg/sq m or More),Socio-economic indicators,% of population aged 18+,-,31.5,32.2,32.7,33.2,33.7,34.2,34.6,35,35.4
Bahamas,Male Obese population (BMI 30kg/sq m or More),Socio-economic indicators,% of male population aged 18+,-,24.1,24.8,25.4,25.9,26.4,26.9,27.3,27.7,28.1
Bahamas,Female Obese population (BMI 30kg/sq m or More),Socio-economic indicators,% of female population aged 18+,-,38.4,39,39.5,40,40.4,40.9,41.3,41.7,42
Barbados,Obese Population (BMI 30kg/sq m or More),Socio-economic indicators,% of population aged 18+,-,24.4,25.1,25.7,26.2,26.7,27.2,27.7,28.1,28.4
Barbados,Male Obese population (BMI 30kg/sq m or More),Socio-economic indicators,% of male population aged 18+,-,15,15.6,16.1,16.5,16.9,17.3,17.7,18,18.3
Barbados,Female Obese population (BMI 30kg/sq m or More),Socio-economic indicators,% of female population aged 18+,-,33,33.8,34.5,35.1,35.7,36.3,36.9,37.4,37.8
Belize,Obese Population (BMI 30kg/sq m or More),Socio-economic indicators,% of population aged 18+,-,21.7,22.4,22.9,23.4,23.9,24.4,24.9,25.3,25.6
Belize,Male Obese population (BMI 30kg/sq m or More),Socio-economic indicators,% of male population aged 18+,-,14.8,15.4,15.9,16.3,16.8,17.2,17.5,17.9,18.2
Belize,Female Obese population (BMI 30kg/sq m or More),Socio-economic indicators,% of female population aged 18+,-,28.6,29.4,30,30.6,31.2,31.8,32.2,32.7,33.1
Bolivia,Obese Population (BMI 30kg/sq m or More),Socio-economic indicators,% of population aged 18+,-,18.1,18.6,19.1,19.5,20,20.4,20.8,21.2,21.6
Bolivia,Male Obese population (BMI 30kg/sq m or More),Socio-economic indicators,% of male population aged 18+,-,13,13.4,13.8,14.2,14.6,14.9,15.3,15.7,16
Bolivia,Female Obese population (BMI 30kg/sq m or More),Socio-economic indicators,% of female population aged 18+,-,23.3,23.9,24.4,24.9,25.4,25.9,26.4,26.9,27.3
Brazil,Obese Population (BMI 30kg/sq m or More),Socio-economic indicators,% of population aged 18+,-,21.7,22.3,22.8,23.4,23.9,24.4,24.9,25.3,25.8
Brazil,Male Obese population (BMI 30kg/sq m or More),Socio-economic indicators,% of male population aged 18+,-,18,18.5,19,19.5,20,20.5,20.9,21.3,21.7
Brazil,Female Obese population (BMI 30kg/sq m or More),Socio-economic indicators,% of female population aged 18+,-,25.2,25.9,26.5,27.1,27.6,28.2,28.7,29.2,29.7
Chile,Obese Population (BMI 30kg/sq m or More),Socio-economic indicators,% of population aged 18+,-,28.2,28.8,29.4,30,30.5,31.1,31.6,32.1,32.6
Chile,Male Obese population (BMI 30kg/sq m or More),Socio-economic indicators,% of male population aged 18+,-,24.9,25.5,26.1,26.6,27.2,27.7,28.2,28.7,29.1
Chile,Female Obese population (BMI 30kg/sq m or More),Socio-economic indicators,% of female population aged 18+,-,31.5,32.1,32.7,33.3,33.9,34.4,35,35.5,36
Colombia,Obese Population (BMI 30kg/sq m or More),Socio-economic indicators,% of population aged 18+,-,21.5,22.1,22.6,23,23.5,24,24.4,24.8,25.1
Colombia,Male Obese population (BMI 30kg/sq m or More),Socio-economic indicators,% of male population aged 18+,-,16.7,17.3,17.8,18.2,18.6,19,19.4,19.8,20.1
Colombia,Female Obese population (BMI 30kg/sq m or More),Socio-economic indicators,% of female population aged 18+,-,26.1,26.7,27.2,27.8,28.3,28.8,29.2,29.6,30
Costa Rica,Obese Population (BMI 30kg/sq m or More),Socio-economic indicators,% of population aged 18+,-,24.9,25.7,26.4,27.1,27.8,28.4,29,29.5,30.1
Costa Rica,Male Obese population (BMI 30kg/sq m or More),Socio-economic indicators,% of male population aged 18+,-,20.2,21,21.7,22.4,23,23.6,24.2,24.7,25.2
Costa Rica,Female Obese population (BMI 30kg/sq m or More),Socio-economic indicators,% of female population aged 18+,-,29.6,30.4,31.1,31.9,32.6,33.2,33.9,34.4,35
Cuba,Obese Population (BMI 30kg/sq m or More),Socio-economic indicators,% of population aged 18+,-,26.1,26.7,27.3,27.9,28.4,28.9,29.4,29.9,30.3
Cuba,Male Obese population (BMI 30kg/sq m or More),Socio-economic indicators,% of male population aged 18+,-,19.7,20.4,21,21.5,22.1,22.6,23.1,23.6,24
Cuba,Female Obese population (BMI 30kg/sq m or More),Socio-economic indicators,% of female population aged 18+,-,32.5,33,33.6,34.1,34.6,35.1,35.6,36.1,36.5
Dominica,Obese Population (BMI 30kg/sq m or More),Socio-economic indicators,% of population aged 18+,-,27.3,28,28.6,29.2,29.8,30.4,31,31.5,32
Dominica,Male Obese population (BMI 30kg/sq m or More),Socio-economic indicators,% of male population aged 18+,-,19.3,20,20.6,21.2,21.7,22.3,22.8,23.3,23.7
Dominica,Female Obese population (BMI 30kg/sq m or More),Socio-economic indicators,% of female population aged 18+,-,35.3,36,36.7,37.3,37.9,38.5,39.1,39.6,40.2
Dominican Republic,Obese Population (BMI 30kg/sq m or More),Socio-economic indicators,% of population aged 18+,-,25.9,26.8,27.5,28.2,29,29.6,30.3,30.9,31.4
Dominican Republic,Male Obese population (BMI 30kg/sq m or More),Socio-economic indicators,% of male population aged 18+,-,19.5,20.4,21.1,21.9,22.6,23.2,23.8,24.4,24.9
Dominican Republic,Female Obese population (BMI 30kg/sq m or More),Socio-economic indicators,% of female population aged 18+,-,32.4,33.2,34,34.7,35.4,36.1,36.7,37.3,37.9
Ecuador,Obese Population (BMI 30kg/sq m or More),Socio-economic indicators,% of population aged 18+,-,18.7,19.2,19.7,20.1,20.6,21,21.4,21.7,22.1
Ecuador,Male Obese population (BMI 30kg/sq m or More),Socio-economic indicators,% of male population aged 18+,-,13.9,14.4,14.8,15.2,15.6,15.9,16.3,16.6,16.9
Ecuador,Female Obese population (BMI 30kg/sq m or More),Socio-economic indicators,% of female population aged 18+,-,23.5,24.1,24.6,25.1,25.6,26,26.5,26.9,27.3
El Salvador,Obese Population (BMI 30kg/sq m or More),Socio-economic indicators,% of population aged 18+,-,21.8,22.5,23,23.5,24,24.5,24.9,25.4,25.8
El Salvador,Male Obese population (BMI 30kg/sq m or More),Socio-economic indicators,% of male population aged 18+,-,16.5,17.1,17.6,18.1,18.5,19,19.4,19.7,20.1
El Salvador,Female Obese population (BMI 30kg/sq m or More),Socio-economic indicators,% of female population aged 18+,-,26.7,27.4,28,28.5,29,29.6,30,30.5,30.9
Grenada,Obese Population (BMI 30kg/sq m or More),Socio-economic indicators,% of population aged 18+,-,19.4,20.1,20.7,21.2,21.8,22.3,22.8,23.3,23.7
Grenada,Male Obese population (BMI 30kg/sq m or More),Socio-economic indicators,% of male population aged 18+,-,12.1,12.6,13.1,13.5,13.9,14.3,14.7,15,15.3
Grenada,Female Obese population (BMI 30kg/sq m or More),Socio-economic indicators,% of female population aged 18+,-,26.7,27.6,28.3,29,29.7,30.4,31,31.5,32
Guatemala,Obese Population (BMI 30kg/sq m or More),Socio-economic indicators,% of population aged 18+,-,17.9,18.5,19,19.4,19.9,20.3,20.7,21,21.4
Guatemala,Male Obese population (BMI 30kg/sq m or More),Socio-economic indicators,% of male population aged 18+,-,12.6,13.1,13.9,14.3,14.8,15.6,16.2,16.6,17.1
Guatemala,Female Obese population (BMI 30kg/sq m or More),Socio-economic indicators,% of female population aged 18+,-,23.2,23.8,24,24.4,24.8,24.8,25.1,25.3,25.6
Guyana,Obese Population (BMI 30kg/sq m or More),Socio-economic indicators,% of population aged 18+,-,18.6,19.3,19.9,20.5,21,21.5,22,22.4,22.9
Guyana,Male Obese population (BMI 30kg/sq m or More),Socio-economic indicators,% of male population aged 18+,-,11.7,12.2,12.6,13,13.3,13.9,14.4,14.9,15.4
Guyana,Female Obese population (BMI 30kg/sq m or More),Socio-economic indicators,% of female population aged 18+,-,25.3,26.1,26.8,27.7,28.4,28.8,29.3,29.7,30.1
Haiti,Obese Population (BMI 30kg/sq m or More),Socio-economic indicators,% of population aged 18+,-,19.6,20.4,21.1,21.9,22.6,23.3,24,24.7,25.3
Haiti,Male Obese population (BMI 30kg/sq m or More),Socio-economic indicators,% of male population aged 18+,-,15.6,16.4,17.2,17.9,18.6,19.3,19.9,20.6,21.2
Haiti,Female Obese population (BMI 30kg/sq m or More),Socio-economic indicators,% of female population aged 18+,-,23.5,24.3,25.1,25.8,26.6,27.3,28,28.7,29.4
Honduras,Obese Population (BMI 30kg/sq m or More),Socio-economic indicators,% of population aged 18+,-,18.6,19.2,19.8,20.4,20.9,21.4,21.9,22.3,22.8
Honduras,Male Obese population (BMI 30kg/sq m or More),Socio-economic indicators,% of male population aged 18+,-,13.6,14.1,14.6,15,15.5,15.9,16.3,16.6,17
Honduras,Female Obese population (BMI 30kg/sq m or More),Socio-economic indicators,% of female population aged 18+,-,23.8,24.5,25.2,25.8,26.4,27,27.6,28.1,28.6
Jamaica,Obese Population (BMI 30kg/sq m or More),Socio-economic indicators,% of population aged 18+,-,23.5,24.2,24.7,25.3,25.8,26.3,26.8,27.3,27.7
Jamaica,Male Obese population (BMI 30kg/sq m or More),Socio-economic indicators,% of male population aged 18+,-,14.4,15,15.5,16.1,16.6,17.1,17.6,18.1,18.6
Jamaica,Female Obese population (BMI 30kg/sq m or More),Socio-economic indicators,% of female population aged 18+,-,32.5,33.2,33.8,34.4,34.9,35.4,35.9,36.3,36.6
Mexico,Obese Population (BMI 30kg/sq m or More),Socio-economic indicators,% of population aged 18+,-,27.6,28.2,28.8,29.3,29.8,30.3,30.7,31.2,31.5
Mexico,Male Obese population (BMI 30kg/sq m or More),Socio-economic indicators,% of male population aged 18+,-,23.1,23.7,24.2,24.7,25.2,25.7,26.1,26.5,26.9
Mexico,Female Obese population (BMI 30kg/sq m or More),Socio-economic indicators,% of female population aged 18+,-,32,32.6,33.2,33.7,34.2,34.7,35.1,35.6,36
Nicaragua,Obese Population (BMI 30kg/sq m or More),Socio-economic indicators,% of population aged 18+,-,21.1,21.7,22.3,22.8,23.3,23.8,24.3,24.7,25.2
Nicaragua,Male Obese population (BMI 30kg/sq m or More),Socio-economic indicators,% of male population aged 18+,-,15.9,16.5,17,17.5,17.9,18.4,18.8,19.2,19.5
Nicaragua,Female Obese population (BMI 30kg/sq m or More),Socio-economic indicators,% of female population aged 18+,-,26.1,26.8,27.4,28,28.6,29.1,29.7,30.2,30.6
Panama,Obese Population (BMI 30kg/sq m or More),Socio-economic indicators,% of population aged 18+,-,21.9,22.5,23.1,23.6,24.1,24.6,25.1,25.5,25.9
Panama,Male Obese population (BMI 30kg/sq m or More),Socio-economic indicators,% of male population aged 18+,-,17.1,17.6,18.1,18.6,19,19.4,19.8,20.2,20.6
Panama,Female Obese population (BMI 30kg/sq m or More),Socio-economic indicators,% of female population aged 18+,-,26.8,27.5,28.1,28.7,29.2,29.8,30.3,30.8,31.2
Paraguay,Obese Population (BMI 30kg/sq m or More),Socio-economic indicators,% of population aged 18+,-,18.3,19,19.5,20,20.5,21,21.4,21.8,22.3
Paraguay,Male Obese population (BMI 30kg/sq m or More),Socio-economic indicators,% of male population aged 18+,-,15.5,16.1,16.6,17,17.5,17.9,18.3,18.7,19.1
Paraguay,Female Obese population (BMI 30kg/sq m or More),Socio-economic indicators,% of female population aged 18+,-,21.2,21.9,22.4,23,23.5,24.1,24.5,25,25.4
Peru,Obese Population (BMI 30kg/sq m or More),Socio-economic indicators,% of population aged 18+,-,18.6,19.1,19.6,20,20.5,20.9,21.3,21.7,22.1
Peru,Male Obese population (BMI 30kg/sq m or More),Socio-economic indicators,% of male population aged 18+,-,14.2,14.7,15.1,15.5,15.9,16.3,16.6,17,17.3
Peru,Female Obese population (BMI 30kg/sq m or More),Socio-economic indicators,% of female population aged 18+,-,23,23.5,24,24.5,25,25.5,25.9,26.3,26.8
St Kitts and Nevis,Obese Population (BMI 30kg/sq m or More),Socio-economic indicators,% of population aged 18+,-,22.4,23.1,23.7,24.3,24.9,25.4,25.9,26.3,26.8
St Kitts and Nevis,Male Obese population (BMI 30kg/sq m or More),Socio-economic indicators,% of male population aged 18+,-,14.7,15.4,15.9,16.4,16.9,17.4,17.8,18.2,18.6
St Kitts and Nevis,Female Obese population (BMI 30kg/sq m or More),Socio-economic indicators,% of female population aged 18+,-,29.7,30.5,31.1,31.8,32.4,32.9,33.4,33.9,34.4
St Lucia,Obese Population (BMI 30kg/sq m or More),Socio-economic indicators,% of population aged 18+,-,19,19.6,20.2,20.8,21.3,21.8,22.3,22.8,23.2
St Lucia,Male Obese population (BMI 30kg/sq m or More),Socio-economic indicators,% of male population aged 18+,-,11.5,12,12.4,12.8,13.2,13.6,14,14.3,14.7
St Lucia,Female Obese population (BMI 30kg/sq m or More),Socio-economic indicators,% of female population aged 18+,-,26.4,27.2,27.9,28.6,29.2,29.9,30.5,31,31.6
St Vincent and the Grenadines,Obese Population (BMI 30kg/sq m or More),Socio-economic indicators,% of population aged 18+,-,22.9,23.7,24.3,25,25.6,26.2,26.8,27.3,27.8
St Vincent and the Grenadines,Male Obese population (BMI 30kg/sq m or More),Socio-economic indicators,% of male population aged 18+,-,16,16.7,17.3,17.9,18.4,19,19.5,20,20.4
St Vincent and the Grenadines,Female Obese population (BMI 30kg/sq m or More),Socio-economic indicators,% of female population aged 18+,-,30.2,31,31.7,32.4,33.1,33.8,34.3,34.9,35.4
Suriname,Obese Population (BMI 30kg/sq m or More),Socio-economic indicators,% of population aged 18+,-,25.9,26.4,27,27.5,28.1,28.5,29,29.5,29.9
Suriname,Male Obese population (BMI 30kg/sq m or More),Socio-economic indicators,% of male population aged 18+,-,18.5,19,19.5,20,20.5,20.9,21.3,21.7,22.1
Suriname,Female Obese population (BMI 30kg/sq m or More),Socio-economic indicators,% of female population aged 18+,-,33.3,33.9,34.5,35,35.6,36.2,36.7,37.2,37.6
Trinidad and Tobago,Obese Population (BMI 30kg/sq m or More),Socio-economic indicators,% of population aged 18+,-,18.9,19.7,20.3,21,21.6,22.2,22.8,23.3,23.8
Trinidad and Tobago,Male Obese population (BMI 30kg/sq m or More),Socio-economic indicators,% of male population aged 18+,-,10.9,11.4,11.8,12.2,12.6,13.1,13.4,13.8,14.1
Trinidad and Tobago,Female Obese population (BMI 30kg/sq m or More),Socio-economic indicators,% of female population aged 18+,-,26.7,27.7,28.6,29.5,30.4,31.2,31.9,32.6,33.2
Uruguay,Obese Population (BMI 30kg/sq m or More),Socio-economic indicators,% of population aged 18+,-,28.3,28.8,29.3,29.8,30.4,30.9,31.3,31.8,32.3
Uruguay,Male Obese population (BMI 30kg/sq m or More),Socio-economic indicators,% of male population aged 18+,-,24.8,25.3,25.8,26.3,26.9,27.3,27.8,28.3,28.7
Uruguay,Female Obese population (BMI 30kg/sq m or More),Socio-economic indicators,% of female population aged 18+,-,31.6,32.1,32.6,33.1,33.7,34.2,34.7,35.2,35.6
Venezuela,Obese Population (BMI 30kg/sq m or More),Socio-economic indicators,% of population aged 18+,-,24.7,25.2,25.6,26,26.4,26.8,27.1,27.4,27.7
Venezuela,Male Obese population (BMI 30kg/sq m or More),Socio-economic indicators,% of male population aged 18+,-,21.6,22.1,22.5,22.9,23.3,23.7,24.1,24.4,24.7
Venezuela,Female Obese population (BMI 30kg/sq m or More),Socio-economic indicators,% of female population aged 18+,-,27.8,28.3,28.7,29.1,29.4,29.8,30.1,30.4,30.7
Algeria,Obese Population (BMI 30kg/sq m or More),Socio-economic indicators,% of population aged 18+,-,25.6,26.6,27.3,28.1,28.9,29.6,30.2,30.8,31.4
Algeria,Male Obese population (BMI 30kg/sq m or More),Socio-economic indicators,% of male population aged 18+,-,18.5,19.4,20.1,20.8,21.5,22.1,22.7,23.2,23.7
Algeria,Female Obese population (BMI 30kg/sq m or More),Socio-economic indicators,% of female population aged 18+,-,33,34,34.9,35.7,36.5,37.3,38,38.6,39.3
Angola,Obese Population (BMI 30kg/sq m or More),Socio-economic indicators,% of population aged 18+,-,6.5,6.8,7.1,7.4,7.6,7.9,8.1,8.4,8.6
Angola,Male Obese population (BMI 30kg/sq m or More),Socio-economic indicators,% of male population aged 18+,-,3.3,3.5,3.7,3.9,4,4.2,4.4,4.5,4.7
Angola,Female Obese population (BMI 30kg/sq m or More),Socio-economic indicators,% of female population aged 18+,-,9.6,10,10.4,10.8,11.1,11.5,11.8,12.2,12.5
Bahrain,Obese Population (BMI 30kg/sq m or More),Socio-economic indicators,% of population aged 18+,-,28.4,29.1,29.7,30.2,30.7,31.2,31.6,32,32.4
Bahrain,Male Obese population (BMI 30kg/sq m or More),Socio-economic indicators,% of male population aged 18+,-,24.2,24.9,25,25.6,26.5,26.6,27.6,28,28.5
Bahrain,Female Obese population (BMI 30kg/sq m or More),Socio-economic indicators,% of female population aged 18+,-,35.3,36.1,37.8,38.1,37.6,38.8,38,38.3,38.5
Benin,Obese Population (BMI 30kg/sq m or More),Socio-economic indicators,% of population aged 18+,-,7.9,8.2,8.5,8.8,9.1,9.4,9.7,10,10.3
Benin,Male Obese population (BMI 30kg/sq m or More),Socio-economic indicators,% of male population aged 18+,-,3.9,4.2,4.4,4.6,4.8,5,5.1,5.3,5.5
Benin,Female Obese population (BMI 30kg/sq m or More),Socio-economic indicators,% of female population aged 18+,-,11.8,12.2,12.6,13,13.5,13.9,14.3,14.7,15.1
Botswana,Obese Population (BMI 30kg/sq m or More),Socio-economic indicators,% of population aged 18+,-,16,16.4,16.8,17.1,17.5,17.8,18.2,18.5,18.8
Botswana,Male Obese population (BMI 30kg/sq m or More),Socio-economic indicators,% of male population aged 18+,-,6.7,7,7.3,7.5,7.7,8,8.2,8.4,8.6
Botswana,Female Obese population (BMI 30kg/sq m or More),Socio-economic indicators,% of female population aged 18+,-,25,25.5,26,26.5,27,27.5,27.9,28.4,28.9
Burkina Faso,Obese Population (BMI 30kg/sq m or More),Socio-economic indicators,% of population aged 18+,-,4.2,4.5,4.7,5,5.2,5.4,5.7,5.9,6.1
Burkina Faso,Male Obese population (BMI 30kg/sq m or More),Socio-economic indicators,% of male population aged 18+,-,2,2.2,2.3,2.5,2.6,2.7,2.9,3,3.1
Burkina Faso,Female Obese population (BMI 30kg/sq m or More),Socio-economic indicators,% of female population aged 18+,-,6.4,6.8,7.1,7.5,7.8,8.1,8.5,8.8,9.1
Burundi,Obese Population (BMI 30kg/sq m or More),Socio-economic indicators,% of population aged 18+,-,4.2,4.4,4.6,4.9,5.1,5.3,5.5,5.7,6
Burundi,Male Obese population (BMI 30kg/sq m or More),Socio-economic indicators,% of male population aged 18+,-,1.7,1.8,1.9,2,2.1,2.2,2.3,2.3,2.4
Burundi,Female Obese population (BMI 30kg/sq m or More),Socio-economic indicators,% of female population aged 18+,-,6.6,7,7.3,7.7,8,8.4,8.7,9.1,9.4
Cabo Verde,Obese Population (BMI 30kg/sq m or More),Socio-economic indicators,% of population aged 18+,-,10.1,10.6,11,11.4,11.8,12.2,12.6,12.9,13.3
Cabo Verde,Male Obese population (BMI 30kg/sq m or More),Socio-economic indicators,% of male population aged 18+,-,5.9,6.3,6.6,6.9,7.2,7.5,7.8,8,8.3
Cabo Verde,Female Obese population (BMI 30kg/sq m or More),Socio-economic indicators,% of female population aged 18+,-,14.3,14.9,15.4,15.9,16.4,16.9,17.3,17.8,18.2
Cameroon,Obese Population (BMI 30kg/sq m or More),Socio-economic indicators,% of population aged 18+,-,9.2,9.6,9.9,10.3,10.6,10.9,11.3,11.6,11.9
Cameroon,Male Obese population (BMI 30kg/sq m or More),Socio-economic indicators,% of male population aged 18+,-,4.9,5.2,5.4,5.7,5.9,6.1,6.3,6.6,6.8
Cameroon,Female Obese population (BMI 30kg/sq m or More),Socio-economic indicators,% of female population aged 18+,-,13.4,13.9,14.4,14.8,15.3,15.7,16.2,16.6,17
Central African Republic,Obese Population (BMI 30kg/sq m or More),Socio-economic indicators,% of population aged 18+,-,6,6.2,6.5,6.7,6.9,7.2,7.4,7.6,7.8
Central African Republic,Male Obese population (BMI 30kg/sq m or More),Socio-economic indicators,% of male population aged 18+,-,3.1,3.2,3.3,3.5,3.6,3.7,3.8,3.9,4.1
Central African Republic,Female Obese population (BMI 30kg/sq m or More),Socio-economic indicators,% of female population aged 18+,-,8.9,9.3,9.6,10,10.3,10.6,10.9,11.2,11.5
Chad,Obese Population (BMI 30kg/sq m or More),Socio-economic indicators,% of population aged 18+,-,4.6,4.8,5,5.2,5.4,5.5,5.7,5.9,6.1
Chad,Male Obese population (BMI 30kg/sq m or More),Socio-economic indicators,% of male population aged 18+,-,2.5,2.6,2.7,2.8,3,3.1,3.2,3.3,3.4
Chad,Female Obese population (BMI 30kg/sq m or More),Socio-economic indicators,% of female population aged 18+,-,6.7,7,7.3,7.5,7.8,8,8.3,8.5,8.7
Comoros,Obese Population (BMI 30kg/sq m or More),Socio-economic indicators,% of population aged 18+,-,6.6,6.9,7.2,7.4,7.7,8,8.2,8.5,8.7
Comoros,Male Obese population (BMI 30kg/sq m or More),Socio-economic indicators,% of male population aged 18+,-,2.9,3,3.1,3.2,3.4,3.5,3.6,3.7,3.8
Comoros,Female Obese population (BMI 30kg/sq m or More),Socio-economic indicators,% of female population aged 18+,-,10.3,10.8,11.2,11.6,12.1,12.5,12.9,13.3,13.7
"Congo, Democratic Republic",Obese Population (BMI 30kg/sq m or More),Socio-economic indicators,% of population aged 18+,-,5.3,5.6,5.8,6,6.3,6.5,6.7,6.9,7.2
"Congo, Democratic Republic",Male Obese population (BMI 30kg/sq m or More),Socio-economic indicators,% of male population aged 18+,-,2.9,3.1,3.3,3.4,3.6,3.7,3.9,4,4.2
"Congo, Democratic Republic",Female Obese population (BMI 30kg/sq m or More),Socio-economic indicators,% of female population aged 18+,-,7.7,8,8.3,8.6,8.9,9.2,9.5,9.8,10.1
Cte d'Ivoire,Obese Population (BMI 30kg/sq m or More),Socio-economic indicators,% of population aged 18+,-,8.8,9.1,9.4,9.8,10.1,10.4,10.7,11,11.3
Cte d'Ivoire,Male Obese population (BMI 30kg/sq m or More),Socio-economic indicators,% of male population aged 18+,-,5,5.2,5.4,5.6,5.9,6.1,6.3,6.5,6.6
Cte d'Ivoire,Female Obese population (BMI 30kg/sq m or More),Socio-economic indicators,% of female population aged 18+,-,12.6,13.1,13.5,14,14.4,14.9,15.3,15.7,16.1
Djibouti,Obese Population (BMI 30kg/sq m or More),Socio-economic indicators,% of population aged 18+,-,11.9,12.2,12.6,12.9,13.3,13.6,13.9,14.2,14.6
Djibouti,Male Obese population (BMI 30kg/sq m or More),Socio-economic indicators,% of male population aged 18+,-,7.6,7.9,8.2,8.4,8.7,8.9,9.2,9.4,9.7
Djibouti,Female Obese population (BMI 30kg/sq m or More),Socio-economic indicators,% of female population aged 18+,-,16.1,16.5,16.9,17.3,17.8,18.2,18.6,19,19.4
Egypt,Obese Population (BMI 30kg/sq m or More),Socio-economic indicators,% of population aged 18+,-,29.9,30.7,31.4,32.1,32.8,33.4,34,34.6,35.1
Egypt,Male Obese population (BMI 30kg/sq m or More),Socio-economic indicators,% of male population aged 18+,-,21.2,22,22.7,23.3,23.9,24.5,25.1,25.6,26
Egypt,Female Obese population (BMI 30kg/sq m or More),Socio-economic indicators,% of female population aged 18+,-,39.2,40,40.8,41.5,42.2,42.9,43.5,44.1,44.7
Equatorial Guinea,Obese Population (BMI 30kg/sq m or More),Socio-economic indicators,% of population aged 18+,-,7,7.3,7.5,7.8,8,8.2,8.4,8.6,8.8
Equatorial Guinea,Male Obese population (BMI 30kg/sq m or More),Socio-economic indicators,% of male population aged 18+,-,3.4,3.6,3.7,3.9,4,4.1,4.3,4.4,4.5
Equatorial Guinea,Female Obese population (BMI 30kg/sq m or More),Socio-economic indicators,% of female population aged 18+,-,11,11.4,11.8,12.1,12.5,12.8,13.1,13.3,13.6
Eritrea,Obese Population (BMI 30kg/sq m or More),Socio-economic indicators,% of population aged 18+,-,3.8,4.1,4.3,4.5,4.7,4.9,5.1,5.3,5.5
Eritrea,Male Obese population (BMI 30kg/sq m or More),Socio-economic indicators,% of male population aged 18+,-,1.7,1.8,1.9,2,2.1,2.2,2.3,2.4,2.4
Eritrea,Female Obese population (BMI 30kg/sq m or More),Socio-economic indicators,% of female population aged 18+,-,5.9,6.3,6.6,6.9,7.2,7.6,7.9,8.2,8.5
Eswatini,Obese Population (BMI 30kg/sq m or More),Socio-economic indicators,% of population aged 18+,-,13,13.4,13.8,14.1,14.5,14.8,15.1,15.5,15.8
Eswatini,Male Obese population (BMI 30kg/sq m or More),Socio-economic indicators,% of male population aged 18+,-,4.1,4.4,4.6,4.8,4.9,5.1,5.3,5.4,5.6
Eswatini,Female Obese population (BMI 30kg/sq m or More),Socio-economic indicators,% of female population aged 18+,-,21.6,22.2,22.8,23.3,23.9,24.4,24.9,25.3,25.8
Ethiopia,Obese Population (BMI 30kg/sq m or More),Socio-economic indicators,% of population aged 18+,-,3.4,3.6,3.7,3.9,4.1,4.3,4.4,4.6,4.8
Ethiopia,Male Obese population (BMI 30kg/sq m or More),Socio-economic indicators,% of male population aged 18+,-,1.5,1.6,1.7,1.8,1.9,1.9,2,2.1,2.2
Ethiopia,Female Obese population (BMI 30kg/sq m or More),Socio-economic indicators,% of female population aged 18+,-,5.3,5.6,5.8,6.1,6.4,6.6,6.9,7.2,7.4
Gabon,Obese Population (BMI 30kg/sq m or More),Socio-economic indicators,% of population aged 18+,-,12.9,13.3,13.6,13.9,14.2,14.5,14.8,15,15.3
Gabon,Male Obese population (BMI 30kg/sq m or More),Socio-economic indicators,% of male population aged 18+,-,8.3,8.6,8.9,9.2,9.4,9.7,9.9,10.2,10.4
Gabon,Female Obese population (BMI 30kg/sq m or More),Socio-economic indicators,% of female population aged 18+,-,17.8,18.2,18.5,18.9,19.2,19.5,19.8,20.1,20.4
Gambia,Obese Population (BMI 30kg/sq m or More),Socio-economic indicators,% of population aged 18+,-,8.3,8.6,8.9,9.3,9.6,9.9,10.2,10.5,10.8
Gambia,Male Obese population (BMI 30kg/sq m or More),Socio-economic indicators,% of male population aged 18+,-,4.6,4.8,5,5.2,5.4,5.6,5.8,6,6.2
Gambia,Female Obese population (BMI 30kg/sq m or More),Socio-economic indicators,% of female population aged 18+,-,11.9,12.4,12.8,13.3,13.7,14.1,14.5,15,15.4
Ghana,Obese Population (BMI 30kg/sq m or More),Socio-economic indicators,% of population aged 18+,-,9.2,9.6,9.9,10.2,10.6,10.9,11.2,11.5,11.9
Ghana,Male Obese population (BMI 30kg/sq m or More),Socio-economic indicators,% of male population aged 18+,-,3.9,4.1,4.3,4.5,4.6,5,5.5,5.9,6.5
Ghana,Female Obese population (BMI 30kg/sq m or More),Socio-economic indicators,% of female population aged 18+,-,14.5,15,15.5,16,16.5,16.8,17,17.1,17.2
Guinea,Obese Population (BMI 30kg/sq m or More),Socio-economic indicators,% of population aged 18+,-,6.4,6.7,6.9,7.2,7.4,7.7,7.9,8.1,8.4
Guinea,Male Obese population (BMI 30kg/sq m or More),Socio-economic indicators,% of male population aged 18+,-,3.1,3.3,3.5,3.6,3.8,3.9,4.1,4.3,4.6
Guinea,Female Obese population (BMI 30kg/sq m or More),Socio-economic indicators,% of female population aged 18+,-,9.5,9.9,10.3,10.6,11,11.3,11.6,11.8,12.1
Guinea-Bissau,Obese Population (BMI 30kg/sq m or More),Socio-economic indicators,% of population aged 18+,-,7.9,8.2,8.5,8.9,9.2,9.5,9.8,10.1,10.4
Guinea-Bissau,Male Obese population (BMI 30kg/sq m or More),Socio-economic indicators,% of male population aged 18+,-,4.2,4.5,4.7,5,5.2,5.5,5.7,6,6.3
Guinea-Bissau,Female Obese population (BMI 30kg/sq m or More),Socio-economic indicators,% of female population aged 18+,-,11.4,11.8,12.2,12.6,13.1,13.4,13.7,14,14.3
Iran,Obese Population (BMI 30kg/sq m or More),Socio-economic indicators,% of population aged 18+,-,24.5,25.4,26.1,26.9,27.6,28.3,28.9,29.5,30
Iran,Male Obese population (BMI 30kg/sq m or More),Socio-economic indicators,% of male population aged 18+,-,18.2,19.1,19.8,20.5,21.2,21.8,22.4,22.9,23.4
Iran,Female Obese population (BMI 30kg/sq m or More),Socio-economic indicators,% of female population aged 18+,-,30.9,31.8,32.6,33.4,34.2,34.9,35.5,36.2,36.7
Iraq,Obese Population (BMI 30kg/sq m or More),Socio-economic indicators,% of population aged 18+,-,26.8,27.4,28,28.6,29.1,29.7,30.2,30.7,31.2
Iraq,Male Obese population (BMI 30kg/sq m or More),Socio-economic indicators,% of male population aged 18+,-,20.3,21,21.6,22.1,22.7,23.2,23.7,24.1,24.6
Iraq,Female Obese population (BMI 30kg/sq m or More),Socio-economic indicators,% of female population aged 18+,-,33.2,33.8,34.4,35,35.6,36.2,36.8,37.4,37.9
Israel,Obese Population (BMI 30kg/sq m or More),Socio-economic indicators,% of population aged 18+,-,26.3,26.7,27,27.3,27.6,27.9,28.1,28.4,28.6
Israel,Male Obese population (BMI 30kg/sq m or More),Socio-economic indicators,% of male population aged 18+,-,25.6,26.1,26.5,26.9,27.3,27.6,28,28.2,28.5
Israel,Female Obese population (BMI 30kg/sq m or More),Socio-economic indicators,% of female population aged 18+,-,27,27.2,27.4,27.7,27.9,28.1,28.3,28.5,28.7
Jordan,Obese Population (BMI 30kg/sq m or More),Socio-economic indicators,% of population aged 18+,-,32.4,33.2,33.9,34.5,35.2,35.8,36.3,36.8,37.3
Jordan,Male Obese population (BMI 30kg/sq m or More),Socio-economic indicators,% of male population aged 18+,-,25.8,26.6,27.4,28.2,29,29.8,30.5,31.2,31.9
Jordan,Female Obese population (BMI 30kg/sq m or More),Socio-economic indicators,% of female population aged 18+,-,39.6,40.4,40.9,41.3,41.8,42.2,42.6,42.9,43.1
Kenya,Obese Population (BMI 30kg/sq m or More),Socio-economic indicators,% of population aged 18+,-,6.2,6.7,7.2,7.6,8,8.4,8.8,9.2,9.6
Kenya,Male Obese population (BMI 30kg/sq m or More),Socio-economic indicators,% of male population aged 18+,-,2.5,2.8,3,3.2,3.4,3.7,3.9,4.1,4.3
Kenya,Female Obese population (BMI 30kg/sq m or More),Socio-economic indicators,% of female population aged 18+,-,9.8,10.6,11.3,11.9,12.5,13.1,13.7,14.3,14.8
Kuwait,Obese Population (BMI 30kg/sq m or More),Socio-economic indicators,% of population aged 18+,-,36.9,37.5,38,38.6,39.1,39.6,40.1,40.5,40.9
Kuwait,Male Obese population (BMI 30kg/sq m or More),Socio-economic indicators,% of male population aged 18+,-,32.3,33,33.2,33.4,33.8,34.7,35.3,36.4,36.6
Kuwait,Female Obese population (BMI 30kg/sq m or More),Socio-economic indicators,% of female population aged 18+,-,43.3,43.9,45.3,46.7,47.7,47.4,47.8,46.9,47.7
Lebanon,Obese Population (BMI 30kg/sq m or More),Socio-economic indicators,% of population aged 18+,-,30.6,31.4,32,32.6,33.2,33.8,34.3,34.9,35.4
Lebanon,Male Obese population (BMI 30kg/sq m or More),Socio-economic indicators,% of male population aged 18+,-,26.6,27.4,28.1,28.8,29.6,30.2,30.8,31.3,31.8
Lebanon,Female Obese population (BMI 30kg/sq m or More),Socio-economic indicators,% of female population aged 18+,-,34.6,35.3,35.7,36.2,36.7,37.2,37.7,38.3,38.8
Lesotho,Obese Population (BMI 30kg/sq m or More),Socio-economic indicators,% of population aged 18+,-,12.9,13.4,13.8,14.1,14.5,14.8,15.2,15.5,15.8
Lesotho,Male Obese population (BMI 30kg/sq m or More),Socio-economic indicators,% of male population aged 18+,-,3.4,3.7,3.9,4.1,4.3,4.5,4.7,4.9,5.1
Lesotho,Female Obese population (BMI 30kg/sq m or More),Socio-economic indicators,% of female population aged 18+,-,22.2,22.8,23.3,23.9,24.4,25,25.4,25.8,26.2
Liberia,Obese Population (BMI 30kg/sq m or More),Socio-economic indicators,% of population aged 18+,-,8.3,8.6,8.9,9.3,9.6,9.9,10.2,10.5,10.8
Liberia,Male Obese population (BMI 30kg/sq m or More),Socio-economic indicators,% of male population aged 18+,-,4.7,4.9,5.1,5.3,5.5,5.7,6,6.2,6.5
Liberia,Female Obese population (BMI 30kg/sq m or More),Socio-economic indicators,% of female population aged 18+,-,11.9,12.3,12.7,13.1,13.6,14,14.4,14.8,15.1
Libya,Obese Population (BMI 30kg/sq m or More),Socio-economic indicators,% of population aged 18+,-,30.7,31.5,32.2,32.9,33.6,34.3,34.9,35.4,35.9
Libya,Male Obese population (BMI 30kg/sq m or More),Socio-economic indicators,% of male population aged 18+,-,23.7,24.5,25.2,25.9,26.5,27.1,27.7,28.2,28.7
Libya,Female Obese population (BMI 30kg/sq m or More),Socio-economic indicators,% of female population aged 18+,-,37.9,38.7,39.5,40.2,40.9,41.6,42.2,42.8,43.4
Madagascar,Obese Population (BMI 30kg/sq m or More),Socio-economic indicators,% of population aged 18+,-,4.2,4.4,4.6,4.8,5.1,5.3,5.5,5.7,5.9
Madagascar,Male Obese population (BMI 30kg/sq m or More),Socio-economic indicators,% of male population aged 18+,-,2.5,2.6,2.7,2.8,3,3.1,3.3,3.4,3.6
Madagascar,Female Obese population (BMI 30kg/sq m or More),Socio-economic indicators,% of female population aged 18+,-,5.9,6.3,6.6,6.9,7.2,7.5,7.7,8,8.2
Malawi,Obese Population (BMI 30kg/sq m or More),Socio-economic indicators,% of population aged 18+,-,4.5,4.8,5,5.2,5.4,5.6,5.8,6,6.2
Malawi,Male Obese population (BMI 30kg/sq m or More),Socio-economic indicators,% of male population aged 18+,-,1.8,1.9,2,2.1,2.3,2.4,2.5,2.7,2.8
Malawi,Female Obese population (BMI 30kg/sq m or More),Socio-economic indicators,% of female population aged 18+,-,7.1,7.5,7.8,8.1,8.4,8.7,8.9,9.2,9.5
Mali,Obese Population (BMI 30kg/sq m or More),Socio-economic indicators,% of population aged 18+,-,6.8,7.1,7.4,7.7,8.1,8.4,8.7,8.9,9.2
Mali,Male Obese population (BMI 30kg/sq m or More),Socio-economic indicators,% of male population aged 18+,-,3.7,3.9,4.1,4.3,4.5,4.7,4.9,5.1,5.3
Mali,Female Obese population (BMI 30kg/sq m or More),Socio-economic indicators,% of female population aged 18+,-,9.9,10.4,10.8,11.2,11.6,12.1,12.5,12.9,13.2
Mauritania,Obese Population (BMI 30kg/sq m or More),Socio-economic indicators,% of population aged 18+,-,11,11.4,11.8,12.2,12.5,12.9,13.2,13.6,13.9
Mauritania,Male Obese population (BMI 30kg/sq m or More),Socio-economic indicators,% of male population aged 18+,-,5.7,6,6.2,6.5,6.7,6.9,7.2,7.4,7.6
Mauritania,Female Obese population (BMI 30kg/sq m or More),Socio-economic indicators,% of female population aged 18+,-,16.1,16.6,17.1,17.6,18.1,18.6,19.1,19.5,20
Mauritius,Obese Population (BMI 30kg/sq m or More),Socio-economic indicators,% of population aged 18+,-,17.8,18.4,19,19.5,20.1,20.6,21.2,21.7,22.3
Mauritius,Male Obese population (BMI 30kg/sq m or More),Socio-economic indicators,% of male population aged 18+,-,9.2,9.5,9.8,10.2,10.5,10.8,11.1,11.4,11.7
Mauritius,Female Obese population (BMI 30kg/sq m or More),Socio-economic indicators,% of female population aged 18+,-,26.3,27.1,27.9,28.7,29.5,30.3,31,31.8,32.5
Morocco,Obese Population (BMI 30kg/sq m or More),Socio-economic indicators,% of population aged 18+,-,24.6,25.4,26.1,26.8,27.5,28.2,28.8,29.4,29.9
Morocco,Male Obese population (BMI 30kg/sq m or More),Socio-economic indicators,% of male population aged 18+,-,18.2,19,19.6,20.3,20.9,21.4,22,22.5,23
Morocco,Female Obese population (BMI 30kg/sq m or More),Socio-economic indicators,% of female population aged 18+,-,31,31.9,32.7,33.5,34.3,35,35.7,36.4,37
Mozambique,Obese Population (BMI 30kg/sq m or More),Socio-economic indicators,% of population aged 18+,-,5.7,5.9,6.1,6.3,6.5,6.8,7,7.2,7.4
Mozambique,Male Obese population (BMI 30kg/sq m or More),Socio-economic indicators,% of male population aged 18+,-,2.6,2.8,2.9,3,3.2,3.3,3.4,3.6,3.7
Mozambique,Female Obese population (BMI 30kg/sq m or More),Socio-economic indicators,% of female population aged 18+,-,8.6,8.9,9.2,9.5,9.8,10.1,10.4,10.7,11
Namibia,Obese Population (BMI 30kg/sq m or More),Socio-economic indicators,% of population aged 18+,-,14.3,14.9,15.3,15.8,16.3,16.7,17.1,17.5,17.8
Namibia,Male Obese population (BMI 30kg/sq m or More),Socio-economic indicators,% of male population aged 18+,-,6.1,6.5,6.8,7.1,7.4,7.7,7.9,8.1,8.4
Namibia,Female Obese population (BMI 30kg/sq m or More),Socio-economic indicators,% of female population aged 18+,-,22,22.7,23.3,23.9,24.5,25.1,25.6,26.2,26.7
Niger,Obese Population (BMI 30kg/sq m or More),Socio-economic indicators,% of population aged 18+,-,4.5,4.7,4.9,5.1,5.3,5.5,5.7,5.8,6
Niger,Male Obese population (BMI 30kg/sq m or More),Socio-economic indicators,% of male population aged 18+,-,2.1,2.3,2.4,2.5,2.6,2.8,2.9,3,3.1
Niger,Female Obese population (BMI 30kg/sq m or More),Socio-economic indicators,% of female population aged 18+,-,6.9,7.2,7.5,7.7,8,8.3,8.5,8.8,9
Nigeria,Obese Population (BMI 30kg/sq m or More),Socio-economic indicators,% of population aged 18+,-,7.4,7.8,8.1,8.4,8.7,9.1,9.4,9.7,10
Nigeria,Male Obese population (BMI 30kg/sq m or More),Socio-economic indicators,% of male population aged 18+,-,3.9,4.1,4.3,4.5,4.7,4.9,5.1,5.3,5.5
Nigeria,Female Obese population (BMI 30kg/sq m or More),Socio-economic indicators,% of female population aged 18+,-,11,11.5,12,12.4,12.8,13.3,13.7,14.1,14.5
Oman,Obese Population (BMI 30kg/sq m or More),Socio-economic indicators,% of population aged 18+,-,22.5,23.4,24.1,24.8,25.5,26.1,26.7,27.2,27.7
Oman,Male Obese population (BMI 30kg/sq m or More),Socio-economic indicators,% of male population aged 18+,-,18.5,19.5,20.2,21,22.1,23.8,24.5,24.7,25.3
Oman,Female Obese population (BMI 30kg/sq m or More),Socio-economic indicators,% of female population aged 18+,-,29.8,30.8,31.5,31.8,31.3,29.7,30,31.3,31.6
Qatar,Obese Population (BMI 30kg/sq m or More),Socio-economic indicators,% of population aged 18+,-,33.4,34.3,35,35.7,36.3,37,37.5,38,38.5
Qatar,Male Obese population (BMI 30kg/sq m or More),Socio-economic indicators,% of male population aged 18+,-,31,31.9,32.5,33.3,34.1,35,36.5,36.4,36.7
Qatar,Female Obese population (BMI 30kg/sq m or More),Socio-economic indicators,% of female population aged 18+,-,40.9,41.8,42.6,42.4,42.5,42.1,40,41.9,42.8
Rwanda,Obese Population (BMI 30kg/sq m or More),Socio-economic indicators,% of population aged 18+,-,4.5,4.7,5,5.2,5.4,5.7,5.9,6.1,6.4
Rwanda,Male Obese population (BMI 30kg/sq m or More),Socio-economic indicators,% of male population aged 18+,-,1.5,1.6,1.7,1.8,2,2.1,2.2,2.4,2.5
Rwanda,Female Obese population (BMI 30kg/sq m or More),Socio-economic indicators,% of female population aged 18+,-,7.3,7.7,8.1,8.4,8.8,9.1,9.4,9.8,10.1
Sao Tom e Prncipe,Obese Population (BMI 30kg/sq m or More),Socio-economic indicators,% of population aged 18+,-,10.1,10.6,11,11.4,11.8,12.3,12.6,13,13.4
Sao Tom e Prncipe,Male Obese population (BMI 30kg/sq m or More),Socio-economic indicators,% of male population aged 18+,-,5.9,6.3,6.6,6.9,7.2,7.5,7.8,8.1,8.4
Sao Tom e Prncipe,Female Obese population (BMI 30kg/sq m or More),Socio-economic indicators,% of female population aged 18+,-,14.2,14.8,15.3,15.9,16.4,16.9,17.5,17.9,18.4
Saudi Arabia,Obese Population (BMI 30kg/sq m or More),Socio-economic indicators,% of population aged 18+,-,33.9,34.8,35.1,35.7,36.3,36.8,37.3,37.7,38.2
Saudi Arabia,Male Obese population (BMI 30kg/sq m or More),Socio-economic indicators,% of male population aged 18+,-,30.1,31,31.2,32.5,33.4,33.9,34.8,34.8,35.3
Saudi Arabia,Female Obese population (BMI 30kg/sq m or More),Socio-economic indicators,% of female population aged 18+,-,40.3,41.2,41.5,41,40.8,41.4,41.1,42.4,42.7
Senegal,Obese Population (BMI 30kg/sq m or More),Socio-economic indicators,% of population aged 18+,-,7,7.2,7.5,7.7,8,8.2,8.5,8.7,8.9
Senegal,Male Obese population (BMI 30kg/sq m or More),Socio-economic indicators,% of male population aged 18+,-,3.2,3.3,3.5,3.7,3.9,4.1,4.3,4.5,4.8
Senegal,Female Obese population (BMI 30kg/sq m or More),Socio-economic indicators,% of female population aged 18+,-,10.6,11,11.3,11.7,12,12.3,12.5,12.7,13
Seychelles,Obese Population (BMI 30kg/sq m or More),Socio-economic indicators,% of population aged 18+,-,14,14.4,14.9,15.4,15.9,16.3,16.8,17.2,17.5
Seychelles,Male Obese population (BMI 30kg/sq m or More),Socio-economic indicators,% of male population aged 18+,-,7.7,8.1,8.4,8.8,9.1,9.4,9.7,10,10.3
Seychelles,Female Obese population (BMI 30kg/sq m or More),Socio-economic indicators,% of female population aged 18+,-,20.8,21.4,22.1,22.7,23.4,24,24.6,25.1,25.6
Sierra Leone,Obese Population (BMI 30kg/sq m or More),Socio-economic indicators,% of population aged 18+,-,7.1,7.5,7.8,8.1,8.4,8.7,9,9.3,9.6
Sierra Leone,Male Obese population (BMI 30kg/sq m or More),Socio-economic indicators,% of male population aged 18+,-,3.2,3.4,3.6,3.8,4,4.2,4.5,4.7,4.9
Sierra Leone,Female Obese population (BMI 30kg/sq m or More),Socio-economic indicators,% of female population aged 18+,-,11.1,11.6,12,12.4,12.8,13.2,13.5,13.9,14.3
Somalia,Obese Population (BMI 30kg/sq m or More),Socio-economic indicators,% of population aged 18+,-,6.5,6.8,7.1,7.3,7.6,7.8,8,8.3,8.5
Somalia,Male Obese population (BMI 30kg/sq m or More),Socio-economic indicators,% of male population aged 18+,-,3.2,3.4,3.5,3.7,3.8,4,4.1,4.2,4.4
Somalia,Female Obese population (BMI 30kg/sq m or More),Socio-economic indicators,% of female population aged 18+,-,9.9,10.3,10.6,11,11.3,11.6,12,12.3,12.6
South Africa,Obese Population (BMI 30kg/sq m or More),Socio-economic indicators,% of population aged 18+,-,26.2,26.8,27.4,28,28.5,29,29.5,30,30.4
South Africa,Male Obese population (BMI 30kg/sq m or More),Socio-economic indicators,% of male population aged 18+,-,13.8,14.5,15.1,15.6,16.1,16.5,16.9,17.3,17.7
South Africa,Female Obese population (BMI 30kg/sq m or More),Socio-economic indicators,% of female population aged 18+,-,37.9,38.5,39,39.6,40.2,40.8,41.4,42,42.5
Syria,Obese Population (BMI 30kg/sq m or More),Socio-economic indicators,% of population aged 18+,-,25.1,25.8,26.5,27.2,27.8,28.4,28.9,29.5,30
Syria,Male Obese population (BMI 30kg/sq m or More),Socio-economic indicators,% of male population aged 18+,-,18.6,19.3,19.9,20.5,21.1,21.7,22.1,22.6,23
Syria,Female Obese population (BMI 30kg/sq m or More),Socio-economic indicators,% of female population aged 18+,-,31.7,32.4,33.1,33.8,34.5,35.2,35.8,36.4,36.9
Tanzania,Obese Population (BMI 30kg/sq m or More),Socio-economic indicators,% of population aged 18+,-,6.8,7.1,7.4,7.7,8,8.3,8.7,9,9.3
Tanzania,Male Obese population (BMI 30kg/sq m or More),Socio-economic indicators,% of male population aged 18+,-,3.2,3.4,3.6,3.8,4,4.3,4.5,4.8,5
Tanzania,Female Obese population (BMI 30kg/sq m or More),Socio-economic indicators,% of female population aged 18+,-,10.2,10.7,11.1,11.5,11.9,12.3,12.7,13.1,13.4
Togo,Obese Population (BMI 30kg/sq m or More),Socio-economic indicators,% of population aged 18+,-,6.7,7,7.3,7.6,7.9,8.1,8.4,8.6,8.9
Togo,Male Obese population (BMI 30kg/sq m or More),Socio-economic indicators,% of male population aged 18+,-,3.2,3.4,3.6,3.7,3.9,4.1,4.2,4.3,4.5
Togo,Female Obese population (BMI 30kg/sq m or More),Socio-economic indicators,% of female population aged 18+,-,10.2,10.7,11.1,11.5,11.9,12.3,12.6,13,13.4
Tunisia,Obese Population (BMI 30kg/sq m or More),Socio-economic indicators,% of population aged 18+,-,26.4,27.2,27.9,28.5,29.2,29.8,30.4,31,31.5
Tunisia,Male Obese population (BMI 30kg/sq m or More),Socio-economic indicators,% of male population aged 18+,-,18.5,19.3,19.9,20.6,21.2,21.8,22.3,22.8,23.2
Tunisia,Female Obese population (BMI 30kg/sq m or More),Socio-economic indicators,% of female population aged 18+,-,34.1,34.9,35.6,36.4,37.1,37.7,38.4,38.9,39.5
Uganda,Obese Population (BMI 30kg/sq m or More),Socio-economic indicators,% of population aged 18+,-,4,4.2,4.4,4.6,4.8,5,5.2,5.4,5.6
Uganda,Male Obese population (BMI 30kg/sq m or More),Socio-economic indicators,% of male population aged 18+,-,1.4,1.5,1.6,1.7,1.8,2,2.1,2.3,2.4
Uganda,Female Obese population (BMI 30kg/sq m or More),Socio-economic indicators,% of female population aged 18+,-,6.5,6.8,7.1,7.3,7.6,7.9,8.1,8.4,8.6
United Arab Emirates,Obese Population (BMI 30kg/sq m or More),Socio-economic indicators,% of population aged 18+,-,28.6,30.4,31.8,33.1,34.3,35.6,36.7,37.6,38.6
United Arab Emirates,Male Obese population (BMI 30kg/sq m or More),Socio-economic indicators,% of male population aged 18+,-,25.4,26.7,27.5,29,30,31.7,33.2,33.7,34
United Arab Emirates,Female Obese population (BMI 30kg/sq m or More),Socio-economic indicators,% of female population aged 18+,-,37.5,38.8,41.1,41.5,43,44.6,44.5,46.6,48.7
Yemen,Obese Population (BMI 30kg/sq m or More),Socio-economic indicators,% of population aged 18+,-,13.4,14,14.5,15,15.5,15.9,16.3,16.7,17.1
Yemen,Male Obese population (BMI 30kg/sq m or More),Socio-economic indicators,% of male population aged 18+,-,9.4,9.9,10.3,10.8,11.2,11.5,11.9,12.2,12.5
Yemen,Female Obese population (BMI 30kg/sq m or More),Socio-economic indicators,% of female population aged 18+,-,17.5,18.2,18.8,19.3,19.9,20.4,20.8,21.3,21.7
Zambia,Obese Population (BMI 30kg/sq m or More),Socio-economic indicators,% of population aged 18+,-,6.3,6.6,6.8,7.1,7.3,7.6,7.8,8.1,8.3
Zambia,Male Obese population (BMI 30kg/sq m or More),Socio-economic indicators,% of male population aged 18+,-,2.9,3,3.1,3.3,3.4,3.5,3.7,3.8,3.9
Zambia,Female Obese population (BMI 30kg/sq m or More),Socio-economic indicators,% of female population aged 18+,-,9.6,10,10.4,10.8,11.2,11.5,11.9,12.3,12.7
Zimbabwe,Obese Population (BMI 30kg/sq m or More),Socio-economic indicators,% of population aged 18+,-,12.2,12.6,12.9,13.2,13.5,13.8,14,14.3,14.5
Zimbabwe,Male Obese population (BMI 30kg/sq m or More),Socio-economic indicators,% of male population aged 18+,-,3.5,3.7,3.9,4.1,4.3,4.5,4.7,5,5.2
Zimbabwe,Female Obese population (BMI 30kg/sq m or More),Socio-economic indicators,% of female population aged 18+,-,20,20.5,20.9,21.3,21.7,22,22.3,22.6,22.9
Canada,Obese Population (BMI 30kg/sq m or More),Socio-economic indicators,% of population aged 18+,-,30.7,31.5,31.7,31.5,32.6,33.6,34.5,35.1,35.9
Canada,Male Obese population (BMI 30kg/sq m or More),Socio-economic indicators,% of male population aged 18+,-,30.5,31.7,30.5,30.8,31.5,31.5,33,33.5,34.1
Canada,Female Obese population (BMI 30kg/sq m or More),Socio-economic indicators,% of female population aged 18+,-,30.9,31.1,32.6,32.1,33.8,35.5,36.1,36.7,37.7
USA,Obese Population (BMI 30kg/sq m or More),Socio-economic indicators,% of population aged 18+,-,36.7,37.4,38.3,39.1,40.3,41.6,41.4,42.1,42.7
USA,Male Obese population (BMI 30kg/sq m or More),Socio-economic indicators,% of male population aged 18+,-,35.7,36.5,36.9,37.9,39.3,39.9,40,41.3,42
USA,Female Obese population (BMI 30kg/sq m or More),Socio-economic indicators,% of female population aged 18+,-,37.6,38.2,39.7,40.2,41.2,42.9,42.8,42.8,43.4
Andorra,Obese Population (BMI 30kg/sq m or More),Socio-economic indicators,% of population aged 18+,-,27.6,28,28.3,28.6,28.9,29.2,29.5,29.8,30
Andorra,Male Obese population (BMI 30kg/sq m or More),Socio-economic indicators,% of male population aged 18+,-,27.5,27.9,28.2,28.5,28.8,29.1,29.4,29.7,29.9
Andorra,Female Obese population (BMI 30kg/sq m or More),Socio-economic indicators,% of female population aged 18+,-,27.8,28.1,28.4,28.7,29,29.3,29.6,29.9,30.1
Austria,Obese Population (BMI 30kg/sq m or More),Socio-economic indicators,% of population aged 18+,-,21.4,22,22.7,23.5,24.4,24.7,24.9,25.4,25.8
Austria,Male Obese population (BMI 30kg/sq m or More),Socio-economic indicators,% of male population aged 18+,-,22.8,23.4,24.2,25.1,26.1,26.5,26.8,27.3,27.8
Austria,Female Obese population (BMI 30kg/sq m or More),Socio-economic indicators,% of female population aged 18+,-,20.1,20.6,21.2,22,22.7,22.9,23.1,23.6,23.9
Belgium,Obese Population (BMI 30kg/sq m or More),Socio-economic indicators,% of population aged 18+,-,24.1,24.5,24.8,25.2,25.5,25.9,26.2,26.4,26.7
Belgium,Male Obese population (BMI 30kg/sq m or More),Socio-economic indicators,% of male population aged 18+,-,24.6,25.1,25.5,25.9,26.3,26.7,27,27.4,27.7
Belgium,Female Obese population (BMI 30kg/sq m or More),Socio-economic indicators,% of female population aged 18+,-,23.6,23.9,24.2,24.5,24.8,25,25.3,25.5,25.8
Cyprus,Obese Population (BMI 30kg/sq m or More),Socio-economic indicators,% of population aged 18+,-,22.2,22.6,23,23.3,23.7,24,24.3,24.5,24.8
Cyprus,Male Obese population (BMI 30kg/sq m or More),Socio-economic indicators,% of male population aged 18+,-,21.9,22.4,22.8,23.2,23.6,23.9,24.3,24.6,24.9
Cyprus,Female Obese population (BMI 30kg/sq m or More),Socio-economic indicators,% of female population aged 18+,-,22.4,22.8,23.1,23.4,23.7,24,24.3,24.4,24.6
Denmark,Obese Population (BMI 30kg/sq m or More),Socio-economic indicators,% of population aged 18+,-,20.9,21.3,22,22.7,23.2,23.8,24.3,24.7,25.2
Denmark,Male Obese population (BMI 30kg/sq m or More),Socio-economic indicators,% of male population aged 18+,-,23.2,23.7,25.5,26.8,27.4,27.7,27.8,28.2,28.6
Denmark,Female Obese population (BMI 30kg/sq m or More),Socio-economic indicators,% of female population aged 18+,-,18.7,18.9,18.9,19,19.5,20.1,20.8,21.2,21.6
Finland,Obese Population (BMI 30kg/sq m or More),Socio-economic indicators,% of population aged 18+,-,24.4,24.9,25.7,26.6,27.7,28.8,29.6,30.4,31.2
Finland,Male Obese population (BMI 30kg/sq m or More),Socio-economic indicators,% of male population aged 18+,-,25.1,25.7,26.5,27.3,28.3,29.3,30.1,30.8,31.5
Finland,Female Obese population (BMI 30kg/sq m or More),Socio-economic indicators,% of female population aged 18+,-,23.8,24.2,24.9,25.9,27,28.3,29.2,30.1,30.9
France,Obese Population (BMI 30kg/sq m or More),Socio-economic indicators,% of population aged 18+,-,22.8,23.2,23.6,24,24.3,24.6,25,25.3,25.5
France,Male Obese population (BMI 30kg/sq m or More),Socio-economic indicators,% of male population aged 18+,-,23,23.5,24,24.4,24.8,25.2,25.6,25.9,26.2
France,Female Obese population (BMI 30kg/sq m or More),Socio-economic indicators,% of female population aged 18+,-,22.7,23,23.3,23.6,23.9,24.1,24.4,24.6,24.9
Germany,Obese Population (BMI 30kg/sq m or More),Socio-economic indicators,% of population aged 18+,-,25.2,25.7,26.1,26.4,26.8,27,27.2,27.5,27.7
Germany,Male Obese population (BMI 30kg/sq m or More),Socio-economic indicators,% of male population aged 18+,-,26,26.6,27.1,27.5,27.9,28.2,28.5,28.8,29.2
Germany,Female Obese population (BMI 30kg/sq m or More),Socio-economic indicators,% of female population aged 18+,-,24.5,24.9,25.2,25.4,25.7,25.8,26,26.2,26.3
Greece,Obese Population (BMI 30kg/sq m or More),Socio-economic indicators,% of population aged 18+,-,26.9,27.4,27.8,28.2,28.6,29,29.4,29.7,30
Greece,Male Obese population (BMI 30kg/sq m or More),Socio-economic indicators,% of male population aged 18+,-,25.4,26,26.5,26.9,27.3,27.7,28,28.4,28.7
Greece,Female Obese population (BMI 30kg/sq m or More),Socio-economic indicators,% of female population aged 18+,-,28.3,28.7,29.1,29.5,29.9,30.3,30.6,30.9,31.2
Iceland,Obese Population (BMI 30kg/sq m or More),Socio-economic indicators,% of population aged 18+,-,22.7,23.1,23.5,23.8,24.2,24.5,24.8,25,25.3
Iceland,Male Obese population (BMI 30kg/sq m or More),Socio-economic indicators,% of male population aged 18+,-,24.7,25.3,25.7,25.9,26.2,26.6,27,27.3,27.5
Iceland,Female Obese population (BMI 30kg/sq m or More),Socio-economic indicators,% of female population aged 18+,-,20.6,20.9,21.3,21.7,22,22.3,22.5,22.7,22.9
Ireland,Obese Population (BMI 30kg/sq m or More),Socio-economic indicators,% of population aged 18+,-,26.2,26.9,27.6,28.2,28.9,29.5,30,30.5,31
Ireland,Male Obese population (BMI 30kg/sq m or More),Socio-economic indicators,% of male population aged 18+,-,25.8,26.5,27.2,27.8,28.4,29,29.6,30.1,30.6
Ireland,Female Obese population (BMI 30kg/sq m or More),Socio-economic indicators,% of female population aged 18+,-,26.6,27.3,28,28.7,29.3,29.9,30.4,30.9,31.4
Italy,Obese Population (BMI 30kg/sq m or More),Socio-economic indicators,% of population aged 18+,-,22.5,22.9,23.4,23.6,24.2,25.3,26.4,26.7,27
Italy,Male Obese population (BMI 30kg/sq m or More),Socio-economic indicators,% of male population aged 18+,-,22,22.5,23,23.2,23.9,25.1,26.2,26.5,26.8
Italy,Female Obese population (BMI 30kg/sq m or More),Socio-economic indicators,% of female population aged 18+,-,23,23.3,23.7,23.9,24.5,25.6,26.6,27,27.2
Luxembourg,Obese Population (BMI 30kg/sq m or More),Socio-economic indicators,% of population aged 18+,-,23.8,24.2,24.6,25,25.4,25.8,26.1,26.4,26.8
Luxembourg,Male Obese population (BMI 30kg/sq m or More),Socio-economic indicators,% of male population aged 18+,-,25.4,26,26.5,27,27.5,27.9,28.4,28.7,29.2
Luxembourg,Female Obese population (BMI 30kg/sq m or More),Socio-economic indicators,% of female population aged 18+,-,22.1,22.4,22.7,23,23.3,23.6,23.8,24.1,24.3
Malta,Obese Population (BMI 30kg/sq m or More),Socio-economic indicators,% of population aged 18+,-,30.6,31,31.4,31.8,32.1,32.4,32.7,33,33.3
Malta,Male Obese population (BMI 30kg/sq m or More),Socio-economic indicators,% of male population aged 18+,-,30.4,30.9,31.4,31.7,31.9,32,32.3,32.6,32.9
Malta,Female Obese population (BMI 30kg/sq m or More),Socio-economic indicators,% of female population aged 18+,-,30.9,31.2,31.4,31.8,32.3,32.9,33.2,33.5,33.8
Netherlands,Obese Population (BMI 30kg/sq m or More),Socio-economic indicators,% of population aged 18+,-,22.6,23.1,23.4,23.6,23.6,23.6,23.6,23.7,23.7
Netherlands,Male Obese population (BMI 30kg/sq m or More),Socio-economic indicators,% of male population aged 18+,-,22.1,22.7,23.1,23.3,23.5,23.5,23.5,23.6,23.7
Netherlands,Female Obese population (BMI 30kg/sq m or More),Socio-economic indicators,% of female population aged 18+,-,23,23.4,23.7,23.8,23.8,23.8,23.7,23.7,23.8
Norway,Obese Population (BMI 30kg/sq m or More),Socio-economic indicators,% of population aged 18+,-,24.5,25,25.4,25.7,26.1,26.4,26.7,27,27.3
Norway,Male Obese population (BMI 30kg/sq m or More),Socio-economic indicators,% of male population aged 18+,-,24.5,25.1,25.6,26.1,26.5,26.9,27.2,27.5,27.9
Norway,Female Obese population (BMI 30kg/sq m or More),Socio-economic indicators,% of female population aged 18+,-,24.4,24.8,25.1,25.4,25.7,26,26.3,26.5,26.7
Portugal,Obese Population (BMI 30kg/sq m or More),Socio-economic indicators,% of population aged 18+,-,22.7,23.2,23.7,24.1,24.6,25,25.4,25.7,26
Portugal,Male Obese population (BMI 30kg/sq m or More),Socio-economic indicators,% of male population aged 18+,-,21.5,22.1,22.6,23.1,23.6,24,24.4,24.7,25
Portugal,Female Obese population (BMI 30kg/sq m or More),Socio-economic indicators,% of female population aged 18+,-,23.7,24.2,24.6,25.1,25.4,25.9,26.2,26.6,27
Spain,Obese Population (BMI 30kg/sq m or More),Socio-economic indicators,% of population aged 18+,-,26.6,27.2,27.6,28.1,28.5,28.9,29.3,29.7,30
Spain,Male Obese population (BMI 30kg/sq m or More),Socio-economic indicators,% of male population aged 18+,-,26.4,27.1,27.6,28.2,28.7,29.2,29.6,30,30.4
Spain,Female Obese population (BMI 30kg/sq m or More),Socio-economic indicators,% of female population aged 18+,-,26.8,27.2,27.6,28,28.3,28.7,29,29.4,29.6
Sweden,Obese Population (BMI 30kg/sq m or More),Socio-economic indicators,% of population aged 18+,-,21.6,22.1,22.5,22.8,23.2,23.5,23.8,24.1,24.4
Sweden,Male Obese population (BMI 30kg/sq m or More),Socio-economic indicators,% of male population aged 18+,-,23.6,24.2,24.6,25.1,25.5,25.9,26.3,26.6,27
Sweden,Female Obese population (BMI 30kg/sq m or More),Socio-economic indicators,% of female population aged 18+,-,19.7,20,20.3,20.6,20.8,21.1,21.3,21.5,21.8
Switzerland,Obese Population (BMI 30kg/sq m or More),Socio-economic indicators,% of population aged 18+,-,20.8,21.2,21.6,21.9,22.2,22.5,22.8,23,23.2
Switzerland,Male Obese population (BMI 30kg/sq m or More),Socio-economic indicators,% of male population aged 18+,-,23.2,23.7,24.1,24.5,24.9,25.3,25.6,25.9,26.2
Switzerland,Female Obese population (BMI 30kg/sq m or More),Socio-economic indicators,% of female population aged 18+,-,18.5,18.8,19.1,19.3,19.5,19.8,20,20.1,20.3
Turkey,Obese Population (BMI 30kg/sq m or More),Socio-economic indicators,% of population aged 18+,-,31.1,31.9,32.6,33.3,34,34.6,35.2,35.7,36.2
Turkey,Male Obese population (BMI 30kg/sq m or More),Socio-economic indicators,% of male population aged 18+,-,23.4,24.2,24.9,25.5,26.2,26.7,27.3,27.8,28.3
Turkey,Female Obese population (BMI 30kg/sq m or More),Socio-economic indicators,% of female population aged 18+,-,38.9,39.7,40.4,41.1,41.8,42.5,43.1,43.6,44.1
United Kingdom,Obese Population (BMI 30kg/sq m or More),Socio-economic indicators,% of population aged 18+,-,28.8,29.5,30.1,30.7,31.3,31.8,32.3,32.8,33.2
United Kingdom,Male Obese population (BMI 30kg/sq m or More),Socio-economic indicators,% of male population aged 18+,-,27.8,28.6,29.3,29.9,30.5,31.1,31.6,32.1,32.6
United Kingdom,Female Obese population (BMI 30kg/sq m or More),Socio-economic indicators,% of female population aged 18+,-,29.8,30.4,30.9,31.5,32,32.5,32.9,33.4,33.8
Americas,Obese Population (BMI 30kg/sq m or More),Socio-economic indicators,% of population aged 18+,-,28.3,28.9,29.6,30.1,30.9,31.6,31.9,32.4,32.8
Americas,Male Obese population (BMI 30kg/sq m or More),Socio-economic indicators,% of male population aged 18+,-,25.5,26.1,26.5,27.2,27.9,28.4,28.7,29.5,29.9
Americas,Female Obese population (BMI 30kg/sq m or More),Socio-economic indicators,% of female population aged 18+,-,31,31.6,32.5,33,33.7,34.6,34.9,35.2,35.7
APEC,Obese Population (BMI 30kg/sq m or More),Socio-economic indicators,% of population aged 18+,-,12.3,12.8,13.2,13.6,14.1,14.5,14.8,15.2,15.6
APEC,Male Obese population (BMI 30kg/sq m or More),Socio-economic indicators,% of male population aged 18+,-,11,11.5,11.8,12.3,12.7,13.1,13.4,13.9,14.2
APEC,Female Obese population (BMI 30kg/sq m or More),Socio-economic indicators,% of female population aged 18+,-,13.7,14.1,14.6,15,15.4,15.9,16.2,16.5,16.9
ASEAN,Obese Population (BMI 30kg/sq m or More),Socio-economic indicators,% of population aged 18+,-,6.4,6.7,7.1,7.4,7.7,8.1,8.4,8.7,9.1
ASEAN,Male Obese population (BMI 30kg/sq m or More),Socio-economic indicators,% of male population aged 18+,-,4.7,5,5.3,5.6,5.9,6.2,6.5,6.8,7
ASEAN,Female Obese population (BMI 30kg/sq m or More),Socio-economic indicators,% of female population aged 18+,-,8,8.4,8.8,9.2,9.6,10,10.3,10.7,11.1
BRICS,Obese Population (BMI 30kg/sq m or More),Socio-economic indicators,% of population aged 18+,-,7.5,7.8,8.1,8.4,8.6,8.9,9.2,9.4,9.7
BRICS,Male Obese population (BMI 30kg/sq m or More),Socio-economic indicators,% of male population aged 18+,-,6,6.3,6.6,6.8,7.1,7.4,7.6,7.9,8.1
BRICS,Female Obese population (BMI 30kg/sq m or More),Socio-economic indicators,% of female population aged 18+,-,9.1,9.4,9.7,9.9,10.2,10.5,10.8,11,11.3
Developed Countries,Obese Population (BMI 30kg/sq m or More),Socio-economic indicators,% of population aged 18+,-,24.9,25.5,26,26.5,27.2,27.8,28.1,28.5,28.9
Developed Countries,Male Obese population (BMI 30kg/sq m or More),Socio-economic indicators,% of male population aged 18+,-,24.6,25.3,25.6,26.3,27,27.5,27.8,28.5,28.9
Developed Countries,Female Obese population (BMI 30kg/sq m or More),Socio-economic indicators,% of female population aged 18+,-,25.2,25.6,26.4,26.7,27.3,28.1,28.3,28.5,28.9
EMEA,Obese Population (BMI 30kg/sq m or More),Socio-economic indicators,% of population aged 18+,-,19.4,19.8,20.1,20.4,20.7,21,21.3,21.6,21.8
EMEA,Male Obese population (BMI 30kg/sq m or More),Socio-economic indicators,% of male population aged 18+,-,15.9,16.3,16.6,16.9,17.2,17.5,17.7,17.9,18.1
EMEA,Female Obese population (BMI 30kg/sq m or More),Socio-economic indicators,% of female population aged 18+,-,22.8,23.2,23.6,23.9,24.3,24.6,24.9,25.2,25.4
Emerging and Developing Asia,Obese Population (BMI 30kg/sq m or More),Socio-economic indicators,% of population aged 18+,-,5.2,5.5,5.8,6.1,6.4,6.6,6.9,7.2,7.4
Emerging and Developing Asia,Male Obese population (BMI 30kg/sq m or More),Socio-economic indicators,% of male population aged 18+,-,4.3,4.6,4.8,5.1,5.4,5.6,5.9,6.1,6.3
Emerging and Developing Asia,Female Obese population (BMI 30kg/sq m or More),Socio-economic indicators,% of female population aged 18+,-,6.2,6.5,6.8,7.1,7.4,7.7,8,8.3,8.6
Emerging and Developing Countries,Obese Population (BMI 30kg/sq m or More),Socio-economic indicators,% of population aged 18+,-,10.4,10.8,11.1,11.4,11.7,12.1,12.4,12.7,12.9
Emerging and Developing Countries,Male Obese population (BMI 30kg/sq m or More),Socio-economic indicators,% of male population aged 18+,-,8.1,8.4,8.7,9,9.3,9.6,9.9,10.1,10.4
Emerging and Developing Countries,Female Obese population (BMI 30kg/sq m or More),Socio-economic indicators,% of female population aged 18+,-,12.7,13.1,13.5,13.9,14.2,14.6,14.9,15.2,15.5
EU,Obese Population (BMI 30kg/sq m or More),Socio-economic indicators,% of population aged 18+,-,24.4,24.8,25.3,25.6,26.1,26.5,26.9,27.2,27.5
EU,Male Obese population (BMI 30kg/sq m or More),Socio-economic indicators,% of male population aged 18+,-,24.4,25,25.5,26,26.5,27,27.4,27.8,28.1
EU,Female Obese population (BMI 30kg/sq m or More),Socio-economic indicators,% of female population aged 18+,-,24.3,24.7,25,25.3,25.7,26.1,26.5,26.7,27
Europe,Obese Population (BMI 30kg/sq m or More),Socio-economic indicators,% of population aged 18+,-,25.4,25.9,26.4,26.8,27.2,27.7,28,28.4,28.7
Europe,Male Obese population (BMI 30kg/sq m or More),Socio-economic indicators,% of male population aged 18+,-,23.4,24.1,24.6,25.1,25.5,26,26.5,26.8,27.2
Europe,Female Obese population (BMI 30kg/sq m or More),Socio-economic indicators,% of female population aged 18+,-,27.3,27.7,28.1,28.4,28.8,29.2,29.6,29.9,30.1
Eurozone,Obese Population (BMI 30kg/sq m or More),Socio-economic indicators,% of population aged 18+,-,24.2,24.6,25,25.4,25.8,26.3,26.7,27,27.3
Eurozone,Male Obese population (BMI 30kg/sq m or More),Socio-economic indicators,% of male population aged 18+,-,24.1,24.7,25.2,25.6,26.1,26.7,27.1,27.5,27.8
Eurozone,Female Obese population (BMI 30kg/sq m or More),Socio-economic indicators,% of female population aged 18+,-,24.2,24.5,24.9,25.2,25.6,26,26.4,26.6,26.9
G7,Obese Population (BMI 30kg/sq m or More),Socio-economic indicators,% of population aged 18+,-,26.4,27,27.6,28.1,28.9,29.7,29.9,30.4,30.8
G7,Male Obese population (BMI 30kg/sq m or More),Socio-economic indicators,% of male population aged 18+,-,26,26.7,27.1,27.8,28.6,29.1,29.5,30.3,30.8
G7,Female Obese population (BMI 30kg/sq m or More),Socio-economic indicators,% of female population aged 18+,-,26.7,27.2,28,28.4,29.1,30.1,30.2,30.5,30.9
G20,Obese Population (BMI 30kg/sq m or More),Socio-economic indicators,% of population aged 18+,-,12.2,12.6,12.9,13.3,13.7,14,14.3,14.6,14.9
G20,Male Obese population (BMI 30kg/sq m or More),Socio-economic indicators,% of male population aged 18+,-,10.6,11,11.3,11.7,12.1,12.4,12.6,13,13.3
G20,Female Obese population (BMI 30kg/sq m or More),Socio-economic indicators,% of female population aged 18+,-,13.8,14.2,14.6,14.9,15.3,15.7,16,16.2,16.6
GCC,Obese Population (BMI 30kg/sq m or More),Socio-economic indicators,% of population aged 18+,-,32,33,33.6,34.3,35.1,35.8,36.4,36.9,37.4
GCC,Male Obese population (BMI 30kg/sq m or More),Socio-economic indicators,% of male population aged 18+,-,28.1,29.1,29.5,30.6,31.6,32.6,33.6,33.8,34.2
GCC,Female Obese population (BMI 30kg/sq m or More),Socio-economic indicators,% of female population aged 18+,-,39.2,40.1,40.9,40.8,41,41.5,41.2,42.4,43
Mercosur,Obese Population (BMI 30kg/sq m or More),Socio-economic indicators,% of population aged 18+,-,22.8,23.3,23.9,24.4,24.9,25.4,25.8,26.3,26.7
Mercosur,Male Obese population (BMI 30kg/sq m or More),Socio-economic indicators,% of male population aged 18+,-,19.5,20,20.5,21,21.5,21.9,22.3,22.8,23.2
Mercosur,Female Obese population (BMI 30kg/sq m or More),Socio-economic indicators,% of female population aged 18+,-,26,26.6,27.1,27.7,28.2,28.7,29.2,29.7,30.1
Middle East and North Africa,Obese Population (BMI 30kg/sq m or More),Socio-economic indicators,% of population aged 18+,-,26.6,27.4,28.1,28.7,29.4,30,30.5,31.1,31.6
Middle East and North Africa,Male Obese population (BMI 30kg/sq m or More),Socio-economic indicators,% of male population aged 18+,-,20.6,21.4,22,22.7,23.3,23.9,24.5,25,25.4
Middle East and North Africa,Female Obese population (BMI 30kg/sq m or More),Socio-economic indicators,% of female population aged 18+,-,33.2,34.1,34.8,35.4,36.1,36.7,37.2,37.8,38.4
MINT,Obese Population (BMI 30kg/sq m or More),Socio-economic indicators,% of population aged 18+,-,14.2,14.7,15.1,15.5,16,16.4,16.7,17.1,17.5
MINT,Male Obese population (BMI 30kg/sq m or More),Socio-economic indicators,% of male population aged 18+,-,10.5,10.9,11.3,11.6,12,12.3,12.6,12.9,13.2
MINT,Female Obese population (BMI 30kg/sq m or More),Socio-economic indicators,% of female population aged 18+,-,17.9,18.5,19,19.5,20,20.4,20.9,21.3,21.8
NAFTA,Obese Population (BMI 30kg/sq m or More),Socio-economic indicators,% of population aged 18+,-,34.1,34.8,35.6,36.2,37.2,38.3,38.3,38.9,39.4
NAFTA,Male Obese population (BMI 30kg/sq m or More),Socio-economic indicators,% of male population aged 18+,-,32.4,33.2,33.5,34.3,35.4,35.9,36.2,37.2,37.8
NAFTA,Female Obese population (BMI 30kg/sq m or More),Socio-economic indicators,% of female population aged 18+,-,35.8,36.3,37.6,38,39,40.3,40.4,40.6,41.1
OECD,Obese Population (BMI 30kg/sq m or More),Socio-economic indicators,% of population aged 18+,-,25.5,26.1,26.7,27.1,27.8,28.4,28.7,29.2,29.6
OECD,Male Obese population (BMI 30kg/sq m or More),Socio-economic indicators,% of male population aged 18+,-,24.3,24.9,25.3,25.9,26.6,27.1,27.5,28.1,28.5
OECD,Female Obese population (BMI 30kg/sq m or More),Socio-economic indicators,% of female population aged 18+,-,26.7,27.2,27.9,28.3,28.9,29.6,29.9,30.2,30.6
Sub-Saharan Africa,Obese Population (BMI 30kg/sq m or More),Socio-economic indicators,% of population aged 18+,-,7.8,8.1,8.3,8.6,8.8,9.1,9.3,9.6,9.8
Sub-Saharan Africa,Male Obese population (BMI 30kg/sq m or More),Socio-economic indicators,% of male population aged 18+,-,3.8,4,4.2,4.4,4.5,4.7,4.9,5,5.2
Sub-Saharan Africa,Female Obese population (BMI 30kg/sq m or More),Socio-economic indicators,% of female population aged 18+,-,11.7,12.1,12.4,12.8,13.1,13.5,13.8,14.1,14.4
,,,,,,,,,,,,,
Research Sources:,,,,,,,,,,,,,
Female Obese population (BMI 30kg/sq m or More): Euromonitor International from WHO/OECD,,,,,,,,,,,,,
Male Obese population (BMI 30kg/sq m or More): Euromonitor International from WHO/OECD,,,,,,,,,,,,,
Obese Population (BMI 30kg/sq m or More): Euromonitor International from WHO/OECD,,,,,,,,,,,,,
,,,,,,,,,,,,,
Date Exported (GMT): 3/28/2024 10:58:07 AM,,,,,,,,,,,,,
 Euromonitor International,,,,,,,,,,,,,
